date,open,high,low,close,volume,amount
2020-01-15,2.959,2.962,2.935,2.951,278961,
2020-01-16,2.951,2.954,2.939,2.947,134183,
2020-01-17,2.800,2.816,2.780,2.784,500458,
2020-01-20,2.784,2.789,2.770,2.784,178994,
2020-01-21,2.784,2.800,2.731,2.733,377722,
2020-01-22,2.732,2.742,2.694,2.729,280971,
2020-01-23,2.720,2.730,2.649,2.667,522070,
2020-02-03,2.456,2.456,2.410,2.418,1120352,
2020-02-04,2.418,2.483,2.413,2.482,481791,
2020-02-05,2.483,2.533,2.476,2.514,487158,
2020-02-06,2.516,2.530,2.490,2.520,400172,
2020-02-07,2.513,2.515,2.490,2.514,285103,
2020-02-10,2.513,2.558,2.496,2.557,489618,
2020-02-11,2.563,2.585,2.553,2.571,232761,
2020-02-12,2.571,2.578,2.557,2.578,158418,
2020-02-13,2.576,2.581,2.560,2.562,162421,
2020-02-14,2.559,2.578,2.558,2.577,137725,
2020-02-17,2.577,2.623,2.577,2.622,204545,
2020-02-18,2.623,2.635,2.612,2.624,192767,
2020-02-19,2.623,2.634,2.615,2.622,167299,
2020-02-20,2.622,2.659,2.619,2.658,276213,
2020-02-21,2.658,2.692,2.655,2.674,348616,
2020-02-24,2.672,2.672,2.638,2.656,295508,
2020-02-25,2.625,2.626,2.580,2.622,329863,
2020-02-26,2.590,2.661,2.590,2.629,294975,
2020-02-27,2.634,2.652,2.625,2.631,154485,
2020-02-28,2.600,2.601,2.545,2.558,456321,
2020-03-02,2.559,2.644,2.559,2.637,255541,
2020-03-03,2.660,2.680,2.628,2.644,279566,
2020-03-04,2.637,2.669,2.629,2.668,194485,
2020-03-05,2.675,2.696,2.672,2.690,265979,
2020-03-06,2.675,2.675,2.655,2.667,156505,
2020-03-09,2.621,2.630,2.593,2.596,301881,
2020-03-10,2.590,2.639,2.578,2.633,240926,
2020-03-11,2.633,2.643,2.616,2.617,281189,
2020-03-12,2.597,2.598,2.568,2.576,476573,
2020-03-13,2.500,2.552,2.471,2.532,496346,
2020-03-16,2.535,2.563,2.466,2.474,702458,
2020-03-17,2.475,2.500,2.415,2.451,683882,
2020-03-18,2.461,2.482,2.418,2.425,218632,
2020-03-19,2.420,2.424,2.346,2.382,687022,
2020-03-20,2.392,2.408,2.375,2.407,450741,
2020-03-23,2.369,2.369,2.326,2.332,493283,
2020-03-24,2.368,2.378,2.341,2.374,170012,
2020-03-25,2.412,2.438,2.408,2.431,198265,
2020-03-26,2.428,2.430,2.411,2.413,115161,
2020-03-27,2.433,2.449,2.423,2.426,133884,
2020-03-30,2.408,2.415,2.386,2.404,113490,
2020-03-31,2.418,2.424,2.397,2.399,116258,
2020-04-01,2.399,2.412,2.383,2.383,155148,
2020-04-02,2.380,2.411,2.350,2.409,96691,
2020-04-03,2.409,2.414,2.393,2.402,116079,
2020-04-07,2.424,2.439,2.422,2.437,292994,
2020-04-08,2.434,2.439,2.424,2.438,175400,
2020-04-09,2.440,2.448,2.436,2.437,102791,
2020-04-10,2.437,2.443,2.415,2.420,120595,
2020-04-13,2.420,2.421,2.401,2.410,144830,
2020-04-14,2.413,2.435,2.413,2.434,81025,
2020-04-15,2.436,2.439,2.421,2.425,105419,
2020-04-16,2.421,2.424,2.410,2.417,76197,
2020-04-17,2.424,2.435,2.421,2.424,118839,
2020-04-20,2.424,2.428,2.416,2.427,78539,
2020-04-21,2.426,2.426,2.397,2.411,157343,
2020-04-22,2.404,2.413,2.394,2.412,101325,
2020-04-23,2.413,2.417,2.403,2.404,79945,
2020-04-24,2.403,2.404,2.382,2.386,379802,
2020-04-27,2.387,2.401,2.386,2.397,103562,
2020-04-28,2.395,2.396,2.346,2.379,173821,
2020-04-29,2.378,2.416,2.375,2.411,486442,
2020-04-30,2.413,2.452,2.413,2.452,190405,
2020-05-06,2.442,2.451,2.422,2.451,130091,
2020-05-07,2.451,2.455,2.440,2.452,100758,
2020-05-08,2.453,2.472,2.453,2.469,111284,
2020-05-11,2.469,2.483,2.457,2.467,210412,
2020-05-12,2.467,2.469,2.446,2.456,107201,
2020-05-13,2.450,2.461,2.441,2.458,96379,
2020-05-14,2.458,2.459,2.434,2.434,778617,
2020-05-15,2.436,2.444,2.427,2.429,255053,
2020-05-18,2.430,2.436,2.422,2.429,86526,
2020-05-19,2.435,2.446,2.431,2.437,69504,
2020-05-20,2.437,2.438,2.419,2.421,133205,
2020-05-21,2.422,2.427,2.410,2.413,96651,
2020-05-22,2.414,2.415,2.371,2.379,272802,
2020-05-25,2.379,2.380,2.364,2.378,99890,
2020-05-26,2.380,2.391,2.379,2.390,79410,
2020-05-27,2.391,2.408,2.389,2.402,260093,
2020-05-28,2.402,2.414,2.391,2.406,262774,
2020-05-29,2.403,2.403,2.386,2.392,99771,
2020-06-01,2.392,2.433,2.392,2.432,217459,
2020-06-02,2.432,2.443,2.430,2.438,140630,
2020-06-03,2.445,2.465,2.445,2.448,130507,
2020-06-04,2.467,2.469,2.450,2.459,168853,
2020-06-05,2.459,2.459,2.436,2.444,99750,
2020-06-08,2.446,2.460,2.446,2.454,109815,
2020-06-09,2.454,2.462,2.454,2.460,93539,
2020-06-10,2.460,2.461,2.446,2.450,79054,
2020-06-11,2.452,2.453,2.430,2.433,167357,
2020-06-12,2.420,2.431,2.401,2.430,79783,
2020-06-15,2.430,2.431,2.411,2.414,109703,
2020-06-16,2.420,2.444,2.420,2.442,109083,
2020-06-17,2.442,2.456,2.441,2.450,89272,
2020-06-18,2.450,2.477,2.444,2.471,171064,
2020-06-19,2.471,2.473,2.462,2.468,118868,
2020-06-22,2.468,2.470,2.453,2.456,135251,
2020-06-23,2.456,2.456,2.442,2.447,103423,
2020-06-24,2.448,2.455,2.446,2.450,108564,
2020-06-29,2.450,2.450,2.429,2.432,194484,
2020-06-30,2.436,2.451,2.436,2.449,155705,
2020-07-01,2.451,2.490,2.451,2.489,297376,
2020-07-02,2.490,2.548,2.480,2.546,308116,
2020-07-03,2.550,2.591,2.550,2.583,326707,
2020-07-06,2.597,2.773,2.597,2.766,1247451,
2020-07-07,2.783,2.853,2.710,2.723,984027,
2020-07-08,2.724,2.766,2.695,2.763,471651,
2020-07-09,2.760,2.782,2.726,2.775,427655,
2020-07-10,2.775,2.775,2.700,2.713,370087,
2020-07-13,2.712,2.774,2.705,2.766,387281,
2020-07-14,2.768,2.793,2.712,2.750,309400,
2020-07-15,2.760,2.766,2.685,2.710,346795,
2020-07-16,2.710,2.732,2.636,2.638,585990,
2020-07-17,2.639,2.670,2.620,2.640,293949,
2020-07-20,2.644,2.744,2.644,2.741,388029,
2020-07-21,2.745,2.756,2.725,2.734,235583,
2020-07-22,2.734,2.767,2.731,2.735,281823,
2020-07-23,2.732,2.732,2.662,2.702,239802,
2020-07-24,2.702,2.703,2.608,2.625,302621,
2020-07-27,2.625,2.640,2.597,2.612,176521,
2020-07-28,2.614,2.643,2.614,2.631,137797,
2020-07-29,2.622,2.667,2.613,2.662,188310,
2020-07-30,2.674,2.685,2.663,2.664,143000,
2020-07-31,2.665,2.700,2.660,2.683,168726,
2020-08-03,2.702,2.746,2.702,2.744,389910,
2020-08-04,2.758,2.765,2.730,2.745,340651,
2020-08-05,2.745,2.745,2.708,2.730,119124,
2020-08-06,2.731,2.747,2.714,2.743,220957,
2020-08-07,2.743,2.743,2.710,2.738,264911,
2020-08-10,2.740,2.777,2.740,2.770,512190,
2020-08-11,2.770,2.798,2.750,2.757,387257,
2020-08-12,2.757,2.757,2.703,2.737,287924,
2020-08-13,2.742,2.768,2.740,2.761,292722,
2020-08-14,2.763,2.777,2.730,2.775,194374,
2020-08-17,2.780,2.850,2.780,2.837,424249,
2020-08-18,2.838,2.848,2.832,2.840,244448,
2020-08-19,2.843,2.860,2.825,2.832,258368,
2020-08-20,2.832,2.835,2.810,2.817,180925,
2020-08-21,2.818,2.829,2.801,2.814,219716,
2020-08-24,2.822,2.828,2.812,2.818,185449,
2020-08-25,2.829,2.836,2.798,2.805,237208,
2020-08-26,2.805,2.807,2.757,2.765,291357,
2020-08-27,2.767,2.773,2.745,2.766,146441,
2020-08-28,2.766,2.802,2.762,2.799,163098,
2020-08-31,2.807,2.817,2.788,2.789,232667,
2020-09-01,2.789,2.791,2.766,2.787,148814,
2020-09-02,2.790,2.799,2.775,2.787,125800,
2020-09-03,2.787,2.804,2.775,2.782,155205,
2020-09-04,2.781,2.781,2.737,2.762,235135,
2020-09-07,2.765,2.786,2.745,2.749,239040,
2020-09-08,2.752,2.766,2.740,2.761,185059,
2020-09-09,2.749,2.757,2.725,2.739,224902,
2020-09-10,2.743,2.756,2.718,2.721,222142,
2020-09-11,2.722,2.723,2.697,2.718,215803,
2020-09-14,2.721,2.727,2.710,2.720,181161,
2020-09-15,2.722,2.728,2.716,2.728,134076,
2020-09-16,2.728,2.746,2.722,2.736,132332,
2020-09-17,2.736,2.749,2.725,2.739,151097,
2020-09-18,2.740,2.774,2.734,2.773,168078,
2020-09-21,2.775,2.778,2.758,2.761,199104,
2020-09-22,2.759,2.759,2.723,2.729,228885,
2020-09-23,2.730,2.738,2.721,2.728,134611,
2020-09-24,2.728,2.729,2.685,2.689,444168,
2020-09-25,2.692,2.700,2.668,2.683,289102,
2020-09-28,2.684,2.691,2.677,2.685,187493,
2020-09-29,2.687,2.699,2.680,2.685,186802,
2020-09-30,2.685,2.695,2.666,2.678,413099,
2020-10-09,2.695,2.724,2.695,2.715,409242,
2020-10-12,2.717,2.761,2.717,2.760,460646,
2020-10-13,2.762,2.766,2.741,2.755,349090,
2020-10-14,2.756,2.758,2.740,2.743,269767,
2020-10-15,2.743,2.745,2.732,2.735,271335,
2020-10-16,2.735,2.745,2.731,2.738,237393,
2020-10-19,2.741,2.765,2.724,2.727,369302,
2020-10-20,2.727,2.727,2.707,2.723,326035,
2020-10-21,2.723,2.726,2.707,2.719,237696,
2020-10-22,2.719,2.721,2.703,2.707,217423,
2020-10-23,2.708,2.716,2.696,2.699,314772,
2020-10-26,2.698,2.699,2.677,2.683,456633,
2020-10-27,2.681,2.682,2.667,2.675,303026,
2020-10-28,2.675,2.682,2.660,2.679,265853,
2020-10-29,2.671,2.709,2.662,2.703,255582,
2020-10-30,2.703,2.720,2.684,2.687,458528,
2020-11-02,2.688,2.703,2.688,2.698,279234,
2020-11-03,2.700,2.718,2.700,2.716,240902,
2020-11-04,2.719,2.743,2.719,2.741,358064,
2020-11-05,2.756,2.790,2.756,2.787,735436,
2020-11-06,2.787,2.811,2.782,2.810,459671,
2020-11-09,2.825,2.865,2.825,2.861,451949,
2020-11-10,2.870,2.878,2.844,2.850,382482,
2020-11-11,2.849,2.878,2.841,2.865,294706,
2020-11-12,2.865,2.880,2.855,2.878,242209,
2020-11-13,2.878,2.878,2.840,2.858,360771,
2020-11-16,2.868,2.917,2.868,2.915,383615,
2020-11-17,2.916,2.940,2.916,2.926,456828,
2020-11-18,2.926,2.943,2.921,2.940,359127,
2020-11-19,2.940,2.942,2.911,2.921,431612,
2020-11-20,2.921,2.936,2.908,2.936,272965,
2020-11-23,2.939,2.995,2.938,2.980,429592,
2020-11-24,2.986,2.990,2.961,2.975,441328,
2020-11-25,2.977,2.989,2.940,2.943,575851,
2020-11-26,2.943,2.944,2.919,2.935,310075,
2020-11-27,2.935,2.960,2.922,2.956,328940,
2020-11-30,2.958,2.980,2.924,2.929,516823,
2020-12-01,2.929,2.940,2.905,2.935,398938,
2020-12-02,2.936,2.945,2.921,2.937,219911,
2020-12-03,2.935,2.935,2.906,2.912,482511,
2020-12-04,2.912,2.913,2.879,2.901,520825,
2020-12-07,2.902,2.907,2.857,2.857,753722,
2020-12-08,2.858,2.870,2.845,2.850,442919,
2020-12-09,2.851,2.853,2.810,2.812,661564,
2020-12-10,2.812,2.832,2.811,2.829,422672,
2020-12-11,2.830,2.840,2.800,2.822,556886,
2020-12-14,2.823,2.826,2.772,2.784,948698,
2020-12-15,2.785,2.787,2.751,2.771,1050063,
2020-12-16,2.771,2.781,2.763,2.769,848000,
2020-12-17,2.769,2.795,2.747,2.795,796289,
2020-12-18,2.795,2.829,2.795,2.813,699453,
2020-12-21,2.813,2.825,2.796,2.817,543806,
2020-12-22,2.815,2.815,2.751,2.758,1394620,
2020-12-23,2.760,2.771,2.750,2.761,665695,
2020-12-24,2.762,2.771,2.741,2.751,887115,
2020-12-25,2.750,2.773,2.737,2.761,438286,
2020-12-28,2.761,2.765,2.740,2.748,727238,
2020-12-29,2.749,2.756,2.721,2.723,1049827,
2020-12-30,2.724,2.739,2.714,2.728,495610,
2020-12-31,2.728,2.742,2.721,2.739,765641,
2021-01-04,2.739,2.746,2.721,2.746,892045,
2021-01-05,2.746,2.746,2.701,2.724,1922535,
2021-01-06,2.724,2.730,2.709,2.721,815366,
2021-01-07,2.721,2.726,2.700,2.711,1076189,
2021-01-08,2.712,2.726,2.699,2.724,743486,
2021-01-11,2.725,2.728,2.687,2.691,2324583,
2021-01-12,2.692,2.714,2.691,2.712,1676104,
2021-01-13,2.713,2.727,2.705,2.719,1280801,
2021-01-14,2.719,2.728,2.705,2.717,1368541,
2021-01-15,2.717,2.740,2.717,2.735,981523,
2021-01-18,2.630,2.630,2.590,2.608,2547962,
2021-01-19,2.609,2.626,2.591,2.611,1050082,
2021-01-20,2.612,2.620,2.601,2.609,887877,
2021-01-21,2.610,2.622,2.603,2.613,1263986,
2021-01-22,2.615,2.616,2.583,2.589,1864284,
2021-01-25,2.589,2.589,2.552,2.554,1699972,
2021-01-26,2.554,2.562,2.541,2.543,885969,
2021-01-27,2.543,2.558,2.540,2.542,689798,
2021-01-28,2.541,2.541,2.508,2.510,843925,
2021-01-29,2.511,2.522,2.480,2.494,889926,
2021-02-01,2.495,2.514,2.479,2.511,704108,
2021-02-02,2.511,2.519,2.510,2.517,529995,
2021-02-03,2.517,2.519,2.492,2.497,592347,
2021-02-04,2.496,2.497,2.470,2.480,965772,
2021-02-05,2.480,2.505,2.471,2.499,544827,
2021-02-08,2.499,2.521,2.493,2.512,609295,
2021-02-09,2.512,2.528,2.503,2.528,533076,
2021-02-10,2.529,2.549,2.529,2.547,886838,
2021-02-18,2.570,2.614,2.570,2.610,1328895,
2021-02-19,2.610,2.664,2.610,2.662,2562652,
2021-02-22,2.664,2.741,2.664,2.706,3590925,
2021-02-23,2.707,2.708,2.669,2.678,1405185,
2021-02-24,2.678,2.683,2.630,2.647,1092277,
2021-02-25,2.649,2.699,2.649,2.689,1276163,
2021-02-26,2.683,2.683,2.631,2.637,1111385,
2021-03-01,2.638,2.673,2.638,2.672,670531,
2021-03-02,2.682,2.690,2.640,2.657,1080838,
2021-03-03,2.658,2.724,2.657,2.722,1920248,
2021-03-04,2.722,2.747,2.706,2.718,1916590,
2021-03-05,2.700,2.702,2.668,2.690,741365,
2021-03-08,2.698,2.724,2.673,2.679,909045,
2021-03-09,2.680,2.708,2.630,2.668,1730802,
2021-03-10,2.675,2.683,2.650,2.653,813625,
2021-03-11,2.653,2.702,2.653,2.700,828497,
2021-03-12,2.708,2.735,2.694,2.727,1180488,
2021-03-15,2.727,2.762,2.726,2.752,1196983,
2021-03-16,2.753,2.760,2.730,2.755,672045,
2021-03-17,2.754,2.754,2.724,2.741,574042,
2021-03-18,2.742,2.755,2.735,2.741,484440,
2021-03-19,2.735,2.745,2.712,2.724,620213,
2021-03-22,2.725,2.755,2.725,2.750,746335,
2021-03-23,2.750,2.755,2.716,2.729,805479,
2021-03-24,2.714,2.723,2.671,2.681,1207575,
2021-03-25,2.681,2.702,2.680,2.683,598911,
2021-03-26,2.685,2.717,2.685,2.715,575681,
2021-03-29,2.728,2.756,2.718,2.751,1209328,
2021-03-30,2.751,2.755,2.728,2.750,593144,
2021-03-31,2.750,2.750,2.732,2.743,468457,
2021-04-01,2.744,2.769,2.737,2.761,831957,
2021-04-02,2.761,2.766,2.733,2.738,1018929,
2021-04-06,2.740,2.752,2.740,2.745,548540,
2021-04-07,2.745,2.767,2.732,2.765,862254,
2021-04-08,2.765,2.779,2.759,2.766,714611,
2021-04-09,2.767,2.774,2.754,2.770,710502,
2021-04-12,2.771,2.786,2.764,2.777,836788,
2021-04-13,2.775,2.776,2.744,2.745,1211855,
2021-04-14,2.745,2.756,2.738,2.751,712055,
2021-04-15,2.752,2.759,2.746,2.755,392059,
2021-04-16,2.755,2.799,2.755,2.790,1428830,
2021-04-19,2.790,2.809,2.781,2.802,674004,
2021-04-20,2.799,2.802,2.791,2.794,615199,
2021-04-21,2.790,2.792,2.772,2.785,587338,
2021-04-22,2.785,2.811,2.785,2.793,570381,
2021-04-23,2.789,2.791,2.776,2.788,830486,
2021-04-26,2.792,2.804,2.773,2.780,948353,
2021-04-27,2.777,2.778,2.750,2.767,1079650,
2021-04-28,2.763,2.771,2.750,2.770,631819,
2021-04-29,2.770,2.790,2.760,2.786,656542,
2021-04-30,2.780,2.783,2.746,2.757,1714531,
2021-05-06,2.758,2.805,2.758,2.798,1690671,
2021-05-07,2.808,2.848,2.802,2.829,1229370,
2021-05-10,2.841,2.873,2.835,2.870,1029249,
2021-05-11,2.867,2.868,2.801,2.843,986274,
2021-05-12,2.837,2.859,2.827,2.854,632863,
2021-05-13,2.830,2.847,2.807,2.811,1151710,
2021-05-14,2.811,2.825,2.807,2.817,643496,
2021-05-17,2.817,2.831,2.810,2.812,790675,
2021-05-18,2.812,2.828,2.808,2.824,457927,
2021-05-19,2.823,2.823,2.795,2.799,1261973,
2021-05-20,2.775,2.775,2.737,2.755,2675704,
2021-05-21,2.755,2.774,2.754,2.760,657969,
2021-05-24,2.760,2.770,2.752,2.758,737215,
2021-05-25,2.758,2.792,2.748,2.785,1112785,
2021-05-26,2.785,2.813,2.782,2.804,672561,
2021-05-27,2.804,2.819,2.797,2.816,804683,
2021-05-28,2.822,2.834,2.804,2.812,605786,
2021-05-31,2.823,2.824,2.796,2.815,1057480,
2021-06-01,2.815,2.838,2.798,2.837,973979,
2021-06-02,2.837,2.838,2.823,2.832,698399,
2021-06-03,2.832,2.868,2.832,2.846,1110568,
2021-06-04,2.847,2.850,2.822,2.840,625149,
2021-06-07,2.840,2.850,2.830,2.837,511457,
2021-06-08,2.838,2.840,2.820,2.826,663845,
2021-06-09,2.826,2.857,2.822,2.842,1044019,
2021-06-10,2.842,2.870,2.840,2.853,818745,
2021-06-11,2.862,2.870,2.852,2.857,643792,
2021-06-15,2.867,2.870,2.832,2.841,952320,
2021-06-16,2.841,2.857,2.826,2.832,742761,
2021-06-17,2.832,2.842,2.818,2.824,597758,
2021-06-18,2.824,2.828,2.818,2.824,552027,
2021-06-21,2.823,2.823,2.810,2.812,627119,
2021-06-22,2.812,2.841,2.812,2.837,555151,
2021-06-23,2.838,2.878,2.837,2.873,1199351,
2021-06-24,2.876,2.903,2.865,2.885,1024793,
2021-06-25,2.886,2.903,2.878,2.895,706785,
2021-06-28,2.895,2.895,2.856,2.859,886580,
2021-06-29,2.859,2.859,2.836,2.838,678648,
2021-06-30,2.838,2.859,2.834,2.852,461182,
2021-07-01,2.855,2.871,2.846,2.853,476538,
2021-07-02,2.853,2.856,2.828,2.829,993107,
2021-07-05,2.830,2.842,2.820,2.836,843616,
2021-07-06,2.836,2.843,2.830,2.843,439562,
2021-07-07,2.840,2.850,2.828,2.846,591883,
2021-07-08,2.846,2.846,2.800,2.803,1864367,
2021-07-09,2.803,2.822,2.777,2.821,676439,
2021-07-12,2.821,2.842,2.815,2.826,527062,
2021-07-13,2.827,2.851,2.822,2.848,860567,
2021-07-14,2.848,2.864,2.846,2.854,806610,
2021-07-15,2.854,2.887,2.835,2.885,1281520,
2021-07-16,2.885,2.913,2.878,2.897,1676228,
2021-07-19,2.900,2.911,2.884,2.889,624875,
2021-07-20,2.883,2.883,2.853,2.869,417752,
2021-07-21,2.873,2.888,2.858,2.865,494007,
2021-07-22,2.865,2.890,2.859,2.890,515361,
2021-07-23,2.894,2.913,2.872,2.881,863821,
2021-07-26,2.880,2.880,2.808,2.832,1733978,
2021-07-27,2.832,2.852,2.767,2.773,1906764,
2021-07-28,2.774,2.791,2.714,2.747,1604311,
2021-07-29,2.758,2.778,2.745,2.769,1257468,
2021-07-30,2.769,2.803,2.756,2.800,598079,
2021-08-02,2.799,2.799,2.720,2.777,1334437,
2021-08-03,2.765,2.770,2.733,2.738,1199598,
2021-08-04,2.739,2.764,2.739,2.762,626151,
2021-08-05,2.761,2.776,2.743,2.750,589700,
2021-08-06,2.750,2.763,2.735,2.761,641208,
2021-08-09,2.761,2.812,2.752,2.801,1332939,
2021-08-10,2.801,2.803,2.781,2.800,439750,
2021-08-11,2.809,2.861,2.808,2.858,1883647,
2021-08-12,2.857,2.896,2.841,2.889,1947293,
2021-08-13,2.887,2.891,2.869,2.884,955497,
2021-08-16,2.884,2.909,2.881,2.892,1219674,
2021-08-17,2.890,2.908,2.852,2.858,1027581,
2021-08-18,2.858,2.880,2.857,2.876,644901,
2021-08-19,2.869,2.873,2.849,2.866,433726,
2021-08-20,2.864,2.883,2.849,2.881,785004,
2021-08-23,2.894,2.910,2.889,2.894,927207,
2021-08-24,2.903,2.927,2.900,2.918,1817252,
2021-08-25,2.918,2.952,2.914,2.952,1147941,
2021-08-26,2.951,3.008,2.945,2.993,1803664,
2021-08-27,2.991,3.025,2.950,3.022,981589,
2021-08-30,3.026,3.050,3.015,3.047,898550,
2021-08-31,3.047,3.122,3.035,3.120,925050,
2021-09-01,3.133,3.168,3.084,3.115,1460458,
2021-09-02,3.114,3.196,3.110,3.194,929193,
2021-09-03,3.194,3.196,3.163,3.171,975032,
2021-09-06,3.181,3.216,3.174,3.199,825656,
2021-09-07,3.205,3.291,3.204,3.280,1158684,
2021-09-08,3.281,3.333,3.266,3.316,1037358,
2021-09-09,3.318,3.422,3.300,3.417,1418018,
2021-09-10,3.418,3.423,3.349,3.354,1969721,
2021-09-13,3.354,3.448,3.349,3.426,1513006,
2021-09-14,3.426,3.426,3.350,3.356,1354289,
2021-09-15,3.355,3.374,3.310,3.333,1407103,
2021-09-16,3.358,3.401,3.315,3.320,1067771,
2021-09-17,3.315,3.347,3.175,3.231,1716142,
2021-09-22,3.215,3.289,3.175,3.289,1332370,
2021-09-23,3.331,3.355,3.257,3.280,766798,
2021-09-24,3.265,3.267,3.160,3.166,1517003,
2021-09-27,3.166,3.184,3.069,3.081,1986237,
2021-09-28,3.081,3.164,3.080,3.159,957426,
2021-09-29,3.158,3.159,3.057,3.075,980070,
2021-09-30,3.074,3.093,3.041,3.090,875978,
2021-10-08,3.117,3.133,3.055,3.080,779814,
2021-10-11,3.082,3.125,3.071,3.123,879868,
2021-10-12,3.123,3.163,3.044,3.083,1065657,
2021-10-13,3.083,3.085,3.003,3.043,1043977,
2021-10-14,3.029,3.047,3.001,3.026,538462,
2021-10-15,3.026,3.056,3.006,3.048,603081,
2021-10-18,3.048,3.100,3.034,3.097,679310,
2021-10-19,3.097,3.124,3.070,3.109,560944,
2021-10-20,3.088,3.088,3.028,3.035,1025622,
2021-10-21,3.031,3.101,3.030,3.073,884459,
2021-10-22,3.067,3.094,3.006,3.011,1698146,
2021-10-25,3.013,3.020,2.980,3.010,804032,
2021-10-26,3.010,3.013,2.976,2.984,1146377,
2021-10-27,2.980,2.980,2.909,2.913,1305914,
2021-10-28,2.900,2.901,2.828,2.836,1716292,
2021-10-29,2.836,2.847,2.820,2.840,1158580,
2021-11-01,2.838,2.857,2.818,2.849,788029,
2021-11-02,2.850,2.857,2.768,2.798,2159141,
2021-11-03,2.798,2.845,2.796,2.839,849073,
2021-11-04,2.837,2.838,2.811,2.832,716392,
2021-11-05,2.824,2.824,2.791,2.793,1052384,
2021-11-08,2.793,2.807,2.785,2.790,797037,
2021-11-09,2.790,2.793,2.766,2.776,1002446,
2021-11-10,2.770,2.771,2.726,2.769,1240317,
2021-11-11,2.770,2.820,2.770,2.816,1085394,
2021-11-12,2.817,2.819,2.789,2.800,756904,
2021-11-15,2.800,2.805,2.786,2.804,489632,
2021-11-16,2.804,2.816,2.785,2.787,825319,
2021-11-17,2.787,2.792,2.777,2.790,470321,
2021-11-18,2.791,2.807,2.786,2.790,469833,
2021-11-19,2.787,2.835,2.776,2.826,957277,
2021-11-22,2.828,2.840,2.819,2.825,932854,
2021-11-23,2.825,2.850,2.820,2.838,704614,
2021-11-24,2.842,2.871,2.842,2.870,692753,
2021-11-25,2.870,2.880,2.843,2.859,578730,
2021-11-26,2.850,2.850,2.822,2.827,554985,
2021-11-29,2.808,2.808,2.778,2.792,913889,
2021-11-30,2.792,2.818,2.783,2.794,562664,
2021-12-01,2.793,2.821,2.783,2.819,555689,
2021-12-02,2.818,2.841,2.811,2.834,604607,
2021-12-03,2.834,2.880,2.817,2.865,933619,
2021-12-06,2.865,2.897,2.850,2.857,1359496,
2021-12-07,2.877,2.888,2.855,2.887,672775,
2021-12-08,2.887,2.888,2.867,2.887,581213,
2021-12-09,2.887,2.906,2.877,2.898,717837,
2021-12-10,2.890,2.890,2.870,2.878,858552,
2021-12-13,2.878,2.884,2.865,2.869,590914,
2021-12-14,2.865,2.865,2.831,2.831,927620,
2021-12-15,2.828,2.852,2.821,2.843,498013,
2021-12-16,2.846,2.886,2.845,2.885,938992,
2021-12-17,2.889,2.898,2.864,2.869,695370,
2021-12-20,2.868,2.882,2.839,2.843,679481,
2021-12-21,2.842,2.885,2.840,2.882,778788,
2021-12-22,2.882,2.885,2.867,2.877,407297,
2021-12-23,2.876,2.890,2.869,2.886,547084,
2021-12-24,2.886,2.887,2.866,2.875,446678,
2021-12-27,2.874,2.898,2.870,2.882,505623,
2021-12-28,2.882,2.885,2.854,2.865,673951,
2021-12-29,2.864,2.867,2.852,2.855,467483,
2021-12-30,2.855,2.858,2.848,2.852,394465,
2021-12-31,2.852,2.879,2.851,2.876,558591,
2022-01-04,2.892,2.922,2.891,2.918,1242696,
2022-01-05,2.917,2.917,2.891,2.909,701524,
2022-01-06,2.905,2.921,2.895,2.913,897727,
2022-01-07,2.912,2.945,2.908,2.929,727560,
2022-01-10,2.929,2.949,2.921,2.948,807303,
2022-01-11,2.947,2.980,2.940,2.969,680463,
2022-01-12,2.969,2.972,2.938,2.957,774546,
2022-01-13,2.957,2.980,2.955,2.956,780524,
2022-01-14,2.955,2.955,2.908,2.911,1094533,
2022-01-17,2.825,2.849,2.818,2.828,822746,
2022-01-18,2.828,2.866,2.822,2.858,527282,
2022-01-19,2.858,2.893,2.858,2.875,1067506,
2022-01-20,2.872,2.890,2.851,2.861,1183632,
2022-01-21,2.861,2.866,2.841,2.858,694438,
2022-01-24,2.856,2.857,2.825,2.844,592175,
2022-01-25,2.841,2.841,2.764,2.765,1597719,
2022-01-26,2.765,2.782,2.749,2.773,1240445,
2022-01-27,2.773,2.786,2.754,2.755,919999,
2022-01-28,2.756,2.767,2.725,2.747,1455888,
2022-02-07,2.753,2.812,2.753,2.806,955121,
2022-02-08,2.817,2.877,2.815,2.873,1225629,
2022-02-09,2.873,2.898,2.872,2.879,1015882,
2022-02-10,2.878,2.922,2.851,2.920,1437874,
2022-02-11,2.919,2.955,2.909,2.923,1615327,
2022-02-14,2.922,2.922,2.870,2.877,1156701,
2022-02-15,2.876,2.877,2.848,2.858,861188,
2022-02-16,2.858,2.892,2.858,2.887,759919,
2022-02-17,2.886,2.886,2.861,2.873,971021,
2022-02-18,2.869,2.928,2.861,2.926,1227240,
2022-02-21,2.922,2.953,2.908,2.952,1155462,
2022-02-22,2.935,2.944,2.910,2.941,935396,
2022-02-23,2.938,2.938,2.891,2.910,831033,
2022-02-24,2.906,2.910,2.856,2.885,1158642,
2022-02-25,2.884,2.910,2.846,2.865,962049,
2022-02-28,2.865,2.877,2.839,2.874,654959,
2022-03-01,2.878,2.911,2.874,2.904,663201,
2022-03-02,2.906,2.941,2.905,2.937,1400838,
2022-03-03,2.939,2.979,2.939,2.972,1681634,
2022-03-04,2.968,2.987,2.934,2.962,1115861,
2022-03-07,2.975,2.988,2.929,2.942,1255669,
2022-03-08,2.936,2.936,2.851,2.859,1341509,
2022-03-09,2.860,2.885,2.745,2.802,2626871,
2022-03-10,2.819,2.873,2.803,2.848,2074051,
2022-03-11,2.842,2.872,2.791,2.868,839218,
2022-03-14,2.862,2.897,2.826,2.829,1246833,
2022-03-15,2.821,2.821,2.666,2.671,3420791,
2022-03-16,2.674,2.738,2.600,2.730,2738197,
2022-03-17,2.752,2.792,2.739,2.760,1370513,
2022-03-18,2.760,2.836,2.752,2.830,1268436,
2022-03-21,2.829,2.860,2.821,2.849,913093,
2022-03-22,2.847,2.909,2.835,2.897,1346716,
2022-03-23,2.895,2.907,2.862,2.893,1051963,
2022-03-24,2.887,2.910,2.878,2.900,1025761,
2022-03-25,2.899,2.929,2.889,2.901,1292777,
2022-03-28,2.900,2.951,2.870,2.947,2305144,
2022-03-29,2.944,2.967,2.926,2.965,1345783,
2022-03-30,2.952,2.980,2.940,2.973,1076468,
2022-03-31,2.972,3.038,2.972,3.012,2166700,
2022-04-01,3.006,3.049,2.992,3.045,1209412,
2022-04-06,3.043,3.096,3.031,3.090,1443128,
2022-04-07,3.075,3.090,3.035,3.044,2087415,
2022-04-08,3.040,3.080,3.010,3.079,1848475,
2022-04-11,3.076,3.076,3.012,3.020,2533756,
2022-04-12,3.017,3.044,2.985,3.010,1397579,
2022-04-13,3.001,3.069,2.997,3.033,840997,
2022-04-14,3.038,3.098,3.031,3.089,924357,
2022-04-15,3.080,3.120,3.045,3.056,1124177,
2022-04-18,3.040,3.044,2.981,2.992,1142622,
2022-04-19,2.986,3.039,2.968,3.036,1050532,
2022-04-20,3.020,3.026,2.932,2.949,1452606,
2022-04-21,2.939,2.960,2.880,2.895,1654880,
2022-04-22,2.886,2.931,2.858,2.925,1402014,
2022-04-25,2.899,2.899,2.800,2.801,2237595,
2022-04-26,2.801,2.828,2.753,2.762,2276880,
2022-04-27,2.765,2.799,2.735,2.798,2200676,
2022-04-28,2.796,2.849,2.788,2.844,1435094,
2022-04-29,2.844,2.886,2.812,2.878,1483256,
2022-05-05,2.877,2.886,2.847,2.867,926666,
2022-05-06,2.829,2.835,2.783,2.792,1306035,
2022-05-09,2.788,2.788,2.761,2.784,1202057,
2022-05-10,2.784,2.788,2.726,2.787,1546432,
2022-05-11,2.786,2.808,2.778,2.785,1047509,
2022-05-12,2.785,2.795,2.750,2.773,1077044,
2022-05-13,2.773,2.829,2.773,2.828,1298723,
2022-05-16,2.856,2.879,2.829,2.872,1315312,
2022-05-17,2.871,2.879,2.836,2.862,642636,
2022-05-18,2.861,2.861,2.827,2.834,722576,
2022-05-19,2.810,2.837,2.799,2.837,679046,
2022-05-20,2.837,2.880,2.836,2.876,1040241,
2022-05-23,2.883,2.898,2.872,2.880,659382,
2022-05-24,2.880,2.887,2.834,2.836,772511,
2022-05-25,2.833,2.867,2.822,2.865,743564,
2022-05-26,2.867,2.910,2.859,2.905,1228364,
2022-05-27,2.906,2.915,2.895,2.904,1109063,
2022-05-30,2.904,2.915,2.878,2.890,706765,
2022-05-31,2.888,2.897,2.875,2.894,643490,
2022-06-01,2.890,2.905,2.877,2.903,699982,
2022-06-02,2.902,2.902,2.869,2.885,689719,
2022-06-06,2.883,2.886,2.859,2.884,1529238,
2022-06-07,2.884,2.912,2.872,2.899,1060242,
2022-06-08,2.904,2.938,2.888,2.937,1171817,
2022-06-09,2.935,2.969,2.926,2.944,872805,
2022-06-10,2.939,2.972,2.919,2.964,861911,
2022-06-13,2.954,2.954,2.901,2.920,721992,
2022-06-14,2.905,2.960,2.897,2.958,1571499,
2022-06-15,2.955,3.001,2.943,2.961,1321360,
2022-06-16,2.960,2.975,2.904,2.914,1069417,
2022-06-17,2.900,2.914,2.885,2.907,1074419,
2022-06-20,2.902,2.902,2.875,2.885,926790,
2022-06-21,2.885,2.905,2.878,2.891,739908,
2022-06-22,2.890,2.894,2.850,2.855,892693,
2022-06-23,2.853,2.883,2.840,2.879,896028,
2022-06-24,2.880,2.892,2.870,2.883,652722,
2022-06-27,2.883,2.915,2.880,2.910,920136,
2022-06-28,2.910,2.935,2.906,2.935,730164,
2022-06-29,2.934,2.970,2.930,2.947,1138713,
2022-06-30,2.947,2.972,2.938,2.964,809300,
2022-07-01,2.962,2.976,2.936,2.969,1008546,
2022-07-04,2.966,2.981,2.957,2.975,612566,
2022-07-05,2.980,3.004,2.972,2.989,1224467,
2022-07-06,2.974,2.975,2.905,2.923,1080130,
2022-07-07,2.922,2.944,2.911,2.936,485135,
2022-07-08,2.948,2.955,2.930,2.934,555124,
2022-07-11,2.931,2.931,2.896,2.907,708148,
2022-07-12,2.907,2.944,2.907,2.930,686498,
2022-07-13,2.930,2.936,2.914,2.928,404523,
2022-07-14,2.928,2.928,2.890,2.898,894426,
2022-07-15,2.898,2.910,2.857,2.858,1011467,
2022-07-18,2.859,2.917,2.859,2.917,1167972,
2022-07-19,2.917,2.927,2.905,2.921,493101,
2022-07-20,2.920,2.935,2.920,2.926,399507,
2022-07-21,2.925,2.925,2.880,2.882,881328,
2022-07-22,2.880,2.886,2.850,2.865,1243263,
2022-07-25,2.867,2.885,2.865,2.874,537071,
2022-07-26,2.874,2.921,2.862,2.912,1136167,
2022-07-27,2.907,2.922,2.893,2.912,670722,
2022-07-28,2.918,2.929,2.910,2.923,839517,
2022-07-29,2.925,2.931,2.896,2.901,592592,
2022-08-01,2.901,2.914,2.874,2.908,805697,
2022-08-02,2.900,2.901,2.827,2.845,1774883,
2022-08-03,2.843,2.875,2.812,2.817,1258226,
2022-08-04,2.820,2.829,2.796,2.821,1307828,
2022-08-05,2.821,2.829,2.800,2.825,1103469,
2022-08-08,2.826,2.861,2.821,2.856,871181,
2022-08-09,2.856,2.880,2.847,2.877,677843,
2022-08-10,2.876,2.880,2.852,2.861,503481,
2022-08-11,2.867,2.889,2.863,2.888,731091,
2022-08-12,2.888,2.918,2.888,2.915,1107163,
2022-08-15,2.913,2.944,2.910,2.929,968423,
2022-08-16,2.929,2.946,2.922,2.939,1033861,
2022-08-17,2.937,2.950,2.925,2.943,789885,
2022-08-18,2.941,2.954,2.916,2.919,671697,
2022-08-19,2.922,2.964,2.922,2.944,1319032,
2022-08-22,2.945,2.974,2.942,2.970,850620,
2022-08-23,2.969,2.993,2.948,2.980,898387,
2022-08-24,2.981,2.988,2.934,2.936,815757,
2022-08-25,2.943,3.003,2.943,3.001,1885117,
2022-08-26,3.000,3.007,2.975,2.980,855334,
2022-08-29,2.979,3.007,2.938,3.002,967073,
2022-08-30,3.000,3.008,2.959,2.975,546857,
2022-08-31,2.974,2.980,2.946,2.957,619834,
2022-09-01,2.955,3.019,2.950,2.985,1504435,
2022-09-02,2.985,2.991,2.969,2.979,488709,
2022-09-05,2.990,3.035,2.979,3.033,1640818,
2022-09-06,3.038,3.086,3.032,3.082,1215842,
2022-09-07,3.081,3.086,3.057,3.074,721788,
2022-09-08,3.072,3.084,3.043,3.065,573583,
2022-09-09,3.067,3.112,3.067,3.108,923631,
2022-09-13,3.107,3.112,3.077,3.085,589927,
2022-09-14,3.069,3.092,3.055,3.059,584714,
2022-09-15,3.073,3.106,3.035,3.071,1159228,
2022-09-16,3.065,3.068,2.974,2.981,986927,
2022-09-19,2.974,2.998,2.954,2.981,841042,
2022-09-20,2.991,3.002,2.973,2.978,473975,
2022-09-21,2.973,3.014,2.960,3.005,620240,
2022-09-22,2.996,3.023,2.990,3.017,562687,
2022-09-23,3.014,3.036,2.985,2.993,748479,
2022-09-26,2.984,2.997,2.938,2.945,891148,
2022-09-27,2.945,2.963,2.906,2.961,568009,
2022-09-28,2.961,2.965,2.933,2.940,590470,
2022-09-29,2.949,2.973,2.921,2.935,586342,
2022-09-30,2.935,2.976,2.932,2.960,503431,
2022-10-10,2.961,3.014,2.960,2.965,759051,
2022-10-11,2.965,2.971,2.930,2.955,657685,
2022-10-12,2.954,2.991,2.926,2.990,541098,
2022-10-13,2.986,2.986,2.925,2.944,880156,
2022-10-14,2.948,2.987,2.948,2.976,603770,
2022-10-17,2.976,2.976,2.925,2.967,525176,
2022-10-18,2.965,2.979,2.950,2.962,338602,
2022-10-19,2.961,2.980,2.950,2.959,422672,
2022-10-20,2.955,2.955,2.925,2.933,654097,
2022-10-21,2.933,2.962,2.933,2.946,402983,
2022-10-24,2.945,2.953,2.879,2.894,931077,
2022-10-25,2.895,2.900,2.846,2.866,817894,
2022-10-26,2.865,2.880,2.840,2.849,806502,
2022-10-27,2.850,2.877,2.849,2.863,626592,
2022-10-28,2.860,2.860,2.803,2.814,1061274,
2022-10-31,2.814,2.815,2.738,2.747,1885467,
2022-11-01,2.748,2.767,2.725,2.767,1613488,
2022-11-02,2.767,2.806,2.751,2.800,831732,
2022-11-03,2.789,2.795,2.771,2.781,567082,
2022-11-04,2.781,2.844,2.781,2.829,722553,
2022-11-07,2.829,2.865,2.823,2.854,607537,
2022-11-08,2.854,2.862,2.844,2.854,461409,
2022-11-09,2.854,2.880,2.851,2.852,688503,
2022-11-10,2.847,2.870,2.816,2.859,716305,
2022-11-11,2.898,2.938,2.887,2.921,1194560,
2022-11-14,2.950,2.972,2.900,2.910,786238,
2022-11-15,2.910,2.923,2.888,2.920,492169,
2022-11-16,2.920,2.923,2.907,2.911,361663,
2022-11-17,2.910,2.910,2.872,2.890,638276,
2022-11-18,2.890,2.891,2.871,2.877,535417,
2022-11-21,2.868,2.871,2.839,2.866,460315,
2022-11-22,2.866,2.905,2.865,2.885,552430,
2022-11-23,2.884,2.916,2.880,2.901,944300,
2022-11-24,2.913,2.920,2.897,2.917,491449,
2022-11-25,2.916,2.970,2.913,2.966,1328637,
2022-11-28,2.946,2.956,2.918,2.948,625336,
2022-11-29,2.985,3.036,2.970,3.034,2016039,
2022-11-30,3.028,3.063,3.004,3.014,882839,
2022-12-01,3.038,3.044,2.990,2.993,688166,
2022-12-02,2.993,2.993,2.955,2.972,1036667,
2022-12-05,2.983,3.034,2.983,3.025,869015,
2022-12-06,3.022,3.023,2.999,3.013,677708,
2022-12-07,3.006,3.018,2.985,2.998,466251,
2022-12-08,2.997,3.022,2.989,3.013,496940,
2022-12-09,3.011,3.025,3.000,3.020,542183,
2022-12-12,3.008,3.011,2.957,2.958,821763,
2022-12-13,2.958,2.982,2.953,2.972,348464,
2022-12-14,2.972,2.974,2.960,2.966,344612,
2022-12-15,2.964,2.965,2.923,2.931,739360,
2022-12-16,2.926,2.968,2.920,2.953,587142,
2022-12-19,2.953,2.964,2.898,2.914,727546,
2022-12-20,2.914,2.915,2.865,2.880,802037,
2022-12-21,2.882,2.899,2.870,2.883,748950,
2022-12-22,2.890,2.906,2.852,2.861,774556,
2022-12-23,2.860,2.869,2.843,2.851,671519,
2022-12-26,2.851,2.856,2.842,2.844,655261,
2022-12-27,2.846,2.877,2.846,2.872,666164,
2022-12-28,2.872,2.883,2.854,2.878,445169,
2022-12-29,2.876,2.876,2.841,2.849,744645,
2022-12-30,2.850,2.865,2.846,2.863,553765,
2023-01-03,2.864,2.883,2.854,2.876,485832,
2023-01-04,2.876,2.905,2.869,2.897,536863,
2023-01-05,2.900,2.908,2.892,2.902,501860,
2023-01-06,2.902,2.904,2.892,2.897,512677,
2023-01-09,2.901,2.907,2.890,2.899,518674,
2023-01-10,2.900,2.904,2.878,2.883,852621,
2023-01-11,2.883,2.911,2.881,2.905,649431,
2023-01-12,2.905,2.906,2.882,2.892,905973,
2023-01-13,2.893,2.910,2.893,2.907,667607,
2023-01-16,2.820,2.820,2.770,2.788,1863793,
2023-01-17,2.788,2.792,2.776,2.780,1064218,
2023-01-18,2.780,2.791,2.780,2.783,752839,
2023-01-19,2.784,2.790,2.775,2.789,909720,
2023-01-20,2.790,2.818,2.790,2.817,887004,
2023-01-30,2.833,2.849,2.800,2.801,1271491,
2023-01-31,2.801,2.810,2.796,2.809,605273,
2023-02-01,2.809,2.815,2.796,2.813,780937,
2023-02-02,2.813,2.823,2.802,2.817,685800,
2023-02-03,2.815,2.816,2.786,2.799,1396940,
2023-02-06,2.792,2.792,2.777,2.784,862706,
2023-02-07,2.784,2.802,2.784,2.795,587569,
2023-02-08,2.797,2.802,2.786,2.788,595259,
2023-02-09,2.786,2.800,2.781,2.797,566886,
2023-02-10,2.798,2.805,2.792,2.800,690442,
2023-02-13,2.800,2.806,2.787,2.805,696179,
2023-02-14,2.804,2.823,2.804,2.822,965068,
2023-02-15,2.822,2.823,2.805,2.809,590318,
2023-02-16,2.809,2.827,2.780,2.794,1288829,
2023-02-17,2.799,2.814,2.791,2.799,1148809,
2023-02-20,2.799,2.844,2.799,2.843,1751809,
2023-02-21,2.848,2.886,2.848,2.879,1300055,
2023-02-22,2.879,2.889,2.860,2.883,801624,
2023-02-23,2.894,2.910,2.882,2.894,962379,
2023-02-24,2.893,2.896,2.869,2.886,739355,
2023-02-27,2.880,2.907,2.880,2.891,730675,
2023-02-28,2.891,2.898,2.877,2.898,519583,
2023-03-01,2.899,2.916,2.898,2.915,1127627,
2023-03-02,2.915,2.942,2.910,2.929,862287,
2023-03-03,2.930,2.948,2.921,2.944,872134,
2023-03-06,2.945,2.950,2.927,2.930,913068,
2023-03-07,2.929,2.970,2.920,2.923,1116099,
2023-03-08,2.920,2.922,2.901,2.921,772186,
2023-03-09,2.922,2.939,2.915,2.917,572954,
2023-03-10,2.914,2.914,2.870,2.877,973658,
2023-03-13,2.873,2.910,2.870,2.910,726238,
2023-03-14,2.910,2.923,2.883,2.895,715216,
2023-03-15,2.899,2.925,2.886,2.919,881220,
2023-03-16,2.910,2.924,2.894,2.898,720164,
2023-03-17,2.901,2.930,2.901,2.917,776820,
2023-03-20,2.917,2.941,2.902,2.904,953270,
2023-03-21,2.906,2.914,2.887,2.896,636578,
2023-03-22,2.900,2.921,2.893,2.910,545840,
2023-03-23,2.909,2.915,2.896,2.912,420594,
2023-03-24,2.915,2.917,2.890,2.894,620309,
2023-03-27,2.894,2.894,2.860,2.873,972383,
2023-03-28,2.875,2.886,2.866,2.878,455337,
2023-03-29,2.880,2.890,2.871,2.876,342302,
2023-03-30,2.875,2.888,2.858,2.887,678842,
2023-03-31,2.889,2.905,2.884,2.894,551292,
2023-04-03,2.894,2.918,2.894,2.915,756135,
2023-04-04,2.913,2.935,2.907,2.928,1102917,
2023-04-06,2.928,2.928,2.909,2.911,312259,
2023-04-07,2.910,2.922,2.905,2.912,370529,
2023-04-10,2.912,2.913,2.901,2.909,459227,
2023-04-11,2.909,2.932,2.903,2.932,790545,
2023-04-12,2.934,2.967,2.934,2.966,1287812,
2023-04-13,2.964,2.986,2.961,2.973,1075160,
2023-04-14,2.973,2.979,2.954,2.965,623914,
2023-04-17,2.962,3.000,2.952,2.999,992642,
2023-04-18,2.997,3.019,2.990,3.018,1191344,
2023-04-19,3.016,3.025,3.006,3.013,1234939,
2023-04-20,3.010,3.021,2.984,3.009,712193,
2023-04-21,3.009,3.038,2.991,2.992,676848,
2023-04-24,2.993,3.004,2.980,2.987,1750071,
2023-04-25,2.988,3.013,2.970,3.009,1128146,
2023-04-26,2.999,3.032,2.970,3.015,1221749,
2023-04-27,3.014,3.037,2.999,3.023,1210867,
2023-04-28,3.016,3.061,3.013,3.059,1601624,
2023-05-04,3.052,3.135,3.042,3.130,1102253,
2023-05-05,3.138,3.179,3.119,3.158,1037190,
2023-05-08,3.155,3.263,3.148,3.249,1940769,
2023-05-09,3.249,3.285,3.208,3.211,2060461,
2023-05-10,3.200,3.212,3.132,3.143,1722596,
2023-05-11,3.145,3.164,3.125,3.136,783374,
2023-05-12,3.136,3.163,3.110,3.123,926689,
2023-05-15,3.122,3.123,3.046,3.116,1223200,
2023-05-16,3.113,3.138,3.091,3.096,794161,
2023-05-17,3.096,3.105,3.071,3.083,722698,
2023-05-18,3.085,3.129,3.084,3.111,654278,
2023-05-19,3.098,3.098,3.064,3.068,2094556,
2023-05-22,3.065,3.076,3.045,3.058,697594,
2023-05-23,3.056,3.066,3.020,3.020,671807,
2023-05-24,3.018,3.018,2.974,2.978,961953,
2023-05-25,2.974,2.978,2.932,2.963,910527,
2023-05-26,2.960,2.999,2.946,2.991,1057589,
2023-05-29,2.999,3.044,2.981,3.022,1536139,
2023-05-30,3.016,3.029,2.980,3.021,805466,
2023-05-31,3.012,3.018,2.982,2.988,787210,
2023-06-01,2.990,3.011,2.971,2.985,645278,
2023-06-02,2.987,3.000,2.977,2.984,854959,
2023-06-05,2.985,3.005,2.973,3.002,612976,
2023-06-06,3.002,3.038,2.982,2.992,812045,
2023-06-07,2.991,3.028,2.976,3.023,970895,
2023-06-08,3.021,3.068,3.006,3.060,1003716,
2023-06-09,3.058,3.059,3.032,3.041,601660,
2023-06-12,3.041,3.041,3.006,3.010,762985,
2023-06-13,3.004,3.017,2.998,3.003,494480,
2023-06-14,3.003,3.025,2.984,2.985,781806,
2023-06-15,2.988,2.997,2.980,2.994,587570,
2023-06-16,2.994,3.001,2.988,2.989,878893,
2023-06-19,2.989,2.990,2.950,2.952,1030814,
2023-06-20,2.950,2.951,2.922,2.925,837875,
2023-06-21,2.924,2.938,2.905,2.908,959552,
2023-06-26,2.900,2.900,2.861,2.862,1856509,
2023-06-27,2.862,2.920,2.862,2.915,1146555,
2023-06-28,2.911,2.938,2.905,2.935,790247,
2023-06-29,2.934,2.943,2.918,2.933,761334,
2023-06-30,2.931,2.948,2.929,2.938,716084,
2023-07-03,2.940,2.975,2.940,2.973,972362,
2023-07-04,2.970,2.970,2.936,2.950,642263,
2023-07-05,2.944,2.957,2.933,2.948,1092783,
2023-07-06,2.948,2.957,2.934,2.941,556868,
2023-07-07,2.936,2.961,2.932,2.959,593350,
2023-07-10,2.960,2.972,2.954,2.966,479310,
2023-07-11,2.968,2.973,2.950,2.964,401941,
2023-07-12,2.966,2.969,2.940,2.946,513874,
2023-07-13,2.950,2.981,2.948,2.977,669262,
2023-07-14,2.979,3.002,2.978,2.992,732840,
2023-07-17,2.983,2.983,2.960,2.975,460003,
2023-07-18,2.974,2.981,2.960,2.968,373974,
2023-07-19,2.965,2.988,2.965,2.987,473091,
2023-07-20,2.987,2.996,2.972,2.978,415691,
2023-07-21,2.974,2.984,2.967,2.978,377542,
2023-07-24,2.970,2.988,2.961,2.976,574601,
2023-07-25,2.993,3.019,2.993,3.018,1076292,
2023-07-26,3.019,3.031,3.015,3.025,883122,
2023-07-27,3.024,3.058,3.019,3.034,1020282,
2023-07-28,3.028,3.093,3.027,3.086,1348148,
2023-07-31,3.101,3.134,3.093,3.106,1151874,
2023-08-01,3.105,3.125,3.096,3.110,1054225,
2023-08-02,3.108,3.108,3.065,3.071,927511,
2023-08-03,3.063,3.088,3.051,3.087,701563,
2023-08-04,3.097,3.112,3.073,3.076,904780,
2023-08-07,3.072,3.072,3.039,3.048,552956,
2023-08-08,3.042,3.059,3.033,3.043,558145,
2023-08-09,3.043,3.043,3.030,3.033,370085,
2023-08-10,3.033,3.065,3.029,3.054,409195,
2023-08-11,3.054,3.061,3.011,3.012,500889,
2023-08-14,2.997,3.012,2.972,3.006,813551,
2023-08-15,3.006,3.036,2.997,3.030,994551,
2023-08-16,3.025,3.043,3.006,3.029,748719,
2023-08-17,3.013,3.029,3.000,3.028,690160,
2023-08-18,3.024,3.058,3.023,3.029,789580,
2023-08-21,3.029,3.034,3.000,3.004,866618,
2023-08-22,3.005,3.031,2.993,3.022,825060,
2023-08-23,3.019,3.058,3.016,3.028,793974,
2023-08-24,3.028,3.039,3.007,3.012,724400,
2023-08-25,3.010,3.033,3.001,3.015,1068479,
2023-08-28,3.150,3.168,3.047,3.057,1726731,
2023-08-29,3.049,3.064,3.035,3.057,860035,
2023-08-30,3.057,3.057,3.016,3.027,926290,
2023-08-31,3.024,3.034,2.988,2.994,1023375,
2023-09-01,2.995,3.028,2.995,3.022,667126,
2023-09-04,3.032,3.075,3.032,3.068,1059033,
2023-09-05,3.068,3.068,3.034,3.044,618360,
2023-09-06,3.036,3.049,3.025,3.041,456884,
2023-09-07,3.040,3.057,3.031,3.033,725476,
2023-09-08,3.025,3.029,3.007,3.014,695400,
2023-09-11,3.015,3.039,3.014,3.035,463782,
2023-09-12,3.033,3.038,3.026,3.030,312388,
2023-09-13,3.033,3.057,3.033,3.045,716523,
2023-09-14,3.044,3.086,3.037,3.083,1194308,
2023-09-15,3.085,3.110,3.072,3.085,1047896,
2023-09-18,3.084,3.087,3.054,3.087,617683,
2023-09-19,3.085,3.113,3.082,3.108,735353,
2023-09-20,3.106,3.121,3.095,3.116,655175,
2023-09-21,3.107,3.123,3.095,3.097,1047293,
2023-09-22,3.083,3.112,3.082,3.111,1007620,
2023-09-25,3.107,3.125,3.095,3.105,861186,
2023-09-26,3.101,3.110,3.088,3.092,446007,
2023-09-27,3.091,3.097,3.075,3.081,710823,
2023-09-28,3.084,3.090,3.076,3.077,520790,
2023-10-09,3.077,3.078,3.042,3.072,662659,
2023-10-10,3.072,3.078,3.041,3.043,637081,
2023-10-11,3.047,3.051,3.026,3.034,760371,
2023-10-12,3.043,3.066,3.041,3.060,620371,
2023-10-13,3.046,3.065,3.037,3.056,535202,
2023-10-16,3.058,3.076,3.050,3.075,707510,
2023-10-17,3.073,3.076,3.059,3.071,393282,
2023-10-18,3.068,3.071,3.047,3.048,529825,
2023-10-19,3.039,3.043,3.000,3.003,910391,
2023-10-20,2.999,2.999,2.970,2.980,1070550,
2023-10-23,2.979,2.983,2.935,2.950,805008,
2023-10-24,2.968,2.972,2.950,2.971,693513,
2023-10-25,2.987,3.003,2.981,2.994,835238,
2023-10-26,2.987,3.007,2.975,3.004,524288,
2023-10-27,3.004,3.027,2.998,3.015,808122,
2023-10-30,3.009,3.010,2.970,2.974,1181718,
2023-10-31,2.972,2.983,2.961,2.982,532118,
2023-11-01,2.983,2.985,2.964,2.979,552551,
2023-11-02,2.979,2.998,2.977,2.988,538307,
2023-11-03,2.988,2.996,2.970,2.974,700467,
2023-11-06,2.974,2.978,2.948,2.955,1725426,
2023-11-07,2.952,2.960,2.940,2.957,586932,
2023-11-08,2.953,2.963,2.945,2.956,504997,
2023-11-09,2.956,2.983,2.953,2.981,902505,
2023-11-10,2.971,2.979,2.957,2.973,507372,
2023-11-13,2.977,2.983,2.955,2.978,444820,
2023-11-14,2.978,2.981,2.960,2.968,449898,
2023-11-15,2.980,2.984,2.970,2.977,436420,
2023-11-16,2.977,2.985,2.968,2.979,548953,
2023-11-17,2.974,2.977,2.959,2.969,425464,
2023-11-20,2.970,2.978,2.962,2.973,469947,
2023-11-21,2.976,3.007,2.975,2.989,744515,
2023-11-22,2.983,3.000,2.981,2.981,624226,
2023-11-23,2.981,3.005,2.978,3.001,789751,
2023-11-24,2.998,3.015,2.998,3.009,540474,
2023-11-27,3.002,3.006,2.987,3.000,607921,
2023-11-28,2.996,2.996,2.978,2.994,478999,
2023-11-29,2.994,2.999,2.976,2.981,534770,
2023-11-30,2.977,2.991,2.975,2.990,452842,
2023-12-01,2.990,3.005,2.987,3.002,608245,
2023-12-04,3.002,3.014,2.996,3.008,667699,
2023-12-05,3.004,3.004,2.970,2.972,796423,
2023-12-06,2.973,2.974,2.941,2.969,681201,
2023-12-07,2.966,2.978,2.953,2.970,447964,
2023-12-08,2.970,2.982,2.955,2.971,454388,
2023-12-11,2.963,3.000,2.921,2.997,1034987,
2023-12-12,2.991,3.010,2.980,3.009,796823,
2023-12-13,3.003,3.010,2.986,2.987,480402,
2023-12-14,2.997,3.006,2.980,2.995,590059,
2023-12-15,2.998,3.002,2.972,2.978,656317,
2023-12-18,2.972,2.990,2.962,2.975,497289,
2023-12-19,2.971,2.974,2.955,2.967,707956,
2023-12-20,2.970,2.987,2.961,2.965,664411,
2023-12-21,2.959,2.959,2.929,2.945,1107048,
2023-12-22,2.946,2.959,2.933,2.941,787360,
2023-12-25,2.937,2.940,2.918,2.939,683572,
2023-12-26,2.938,2.957,2.919,2.922,816758,
2023-12-27,2.920,2.935,2.907,2.934,828123,
2023-12-28,2.934,2.938,2.908,2.916,1574403,
2023-12-29,2.916,2.935,2.907,2.931,1082139,
2024-01-02,2.931,2.983,2.930,2.970,1458169,
2024-01-03,2.968,3.014,2.965,3.010,2441793,
2024-01-04,3.008,3.040,3.003,3.034,2469679,
2024-01-05,3.030,3.087,3.026,3.044,3212402,
2024-01-08,3.040,3.042,3.013,3.015,1197284,
2024-01-09,3.014,3.042,2.991,3.038,1073091,
2024-01-10,3.026,3.045,3.019,3.023,855944,
2024-01-11,3.020,3.020,2.991,2.995,1105492,
2024-01-12,2.995,3.017,2.990,3.010,1127940,
2024-01-15,3.000,3.025,2.990,3.024,534727,
2024-01-16,3.022,3.036,3.009,3.034,1066103,
2024-01-17,3.032,3.042,2.993,2.997,1028522,
2024-01-18,2.993,2.993,2.900,2.972,2914139,
2024-01-19,2.967,2.975,2.941,2.950,1330332,
2024-01-22,2.950,2.952,2.842,2.881,3060737,
2024-01-23,2.779,2.779,2.710,2.768,3024009,
2024-01-24,2.773,2.845,2.766,2.836,1620342,
2024-01-25,2.836,2.910,2.836,2.908,1825239,
2024-01-26,2.905,2.955,2.901,2.949,2013140,
2024-01-29,2.953,2.987,2.950,2.964,1811884,
2024-01-30,2.950,2.978,2.925,2.930,2223673,
2024-01-31,2.924,2.960,2.913,2.934,1390433,
2024-02-01,2.923,2.926,2.894,2.904,1030716,
2024-02-02,2.902,2.953,2.851,2.912,3107943,
2024-02-05,2.896,2.940,2.861,2.918,1934368,
2024-02-06,2.910,2.977,2.888,2.960,2209791,
2024-02-07,2.959,3.006,2.931,3.004,2112418,
2024-02-08,3.003,3.028,2.988,3.005,1574355,
2024-02-19,3.007,3.079,2.983,3.075,2098518,
2024-02-20,3.063,3.127,3.056,3.119,2077467,
2024-02-21,3.111,3.154,3.102,3.112,2176413,
2024-02-22,3.107,3.172,3.105,3.170,1750987,
2024-02-23,3.168,3.187,3.141,3.152,1769150,
2024-02-26,3.151,3.151,3.070,3.083,1951116,
2024-02-27,3.071,3.109,3.061,3.100,978146,
2024-02-28,3.100,3.125,3.076,3.094,1224266,
2024-02-29,3.076,3.114,3.072,3.112,981821,
2024-03-01,3.106,3.125,3.098,3.107,1373539,
2024-03-04,3.108,3.136,3.093,3.134,1097616,
2024-03-05,3.128,3.157,3.119,3.155,1003652,
2024-03-06,3.151,3.181,3.148,3.153,850327,
2024-03-07,3.153,3.193,3.151,3.172,1254121,
2024-03-08,3.173,3.195,3.154,3.189,1344887,
2024-03-11,3.187,3.190,3.133,3.157,1417937,
2024-03-12,3.151,3.151,3.072,3.086,2029243,
2024-03-13,3.077,3.078,3.041,3.068,1588092,
2024-03-14,3.059,3.083,3.051,3.077,1012090,
2024-03-15,3.070,3.076,3.044,3.071,1078649,
2024-03-18,3.068,3.068,3.040,3.054,1580925,
2024-03-19,3.054,3.076,3.047,3.052,812608,
2024-03-20,3.051,3.067,3.031,3.058,1052491,
2024-03-21,3.057,3.070,3.044,3.062,537298,
2024-03-22,3.060,3.070,3.041,3.068,1214809,
2024-03-25,3.063,3.109,3.047,3.078,1403594,
2024-03-26,3.072,3.080,3.043,3.061,1041917,
2024-03-27,3.057,3.084,3.052,3.060,1218955,
2024-03-28,3.058,3.062,3.030,3.052,1272574,
2024-03-29,3.049,3.075,3.040,3.072,1139152,
2024-04-01,3.070,3.072,3.057,3.067,720143,
2024-04-02,3.067,3.095,3.066,3.088,982494,
2024-04-03,3.088,3.127,3.084,3.125,1326082,
2024-04-08,3.121,3.161,3.103,3.135,1149649,
2024-04-09,3.132,3.148,3.104,3.120,927347,
2024-04-10,3.120,3.151,3.115,3.131,1325325,
2024-04-11,3.123,3.186,3.118,3.171,1280325,
2024-04-12,3.164,3.182,3.152,3.164,862566,
2024-04-15,3.165,3.232,3.156,3.230,1426358,
2024-04-16,3.229,3.270,3.203,3.244,1909405,
2024-04-17,3.226,3.282,3.203,3.277,1720642,
2024-04-18,3.276,3.320,3.270,3.286,1716005,
2024-04-19,3.274,3.325,3.267,3.308,2142359,
2024-04-22,3.306,3.318,3.220,3.221,2262595,
2024-04-23,3.207,3.216,3.162,3.173,1701746,
2024-04-24,3.173,3.179,3.140,3.174,1505201,
2024-04-25,3.166,3.194,3.161,3.193,1004092,
2024-04-26,3.187,3.204,3.143,3.164,1485486,
2024-04-29,3.150,3.153,3.100,3.130,1893529,
2024-04-30,3.124,3.161,3.122,3.143,1126820,
2024-05-06,3.148,3.161,3.128,3.160,1324514,
2024-05-07,3.156,3.165,3.143,3.160,839155,
2024-05-08,3.158,3.192,3.154,3.182,1349129,
2024-05-09,3.180,3.198,3.172,3.193,981658,
2024-05-10,3.190,3.212,3.182,3.212,1069061,
2024-05-13,3.207,3.220,3.173,3.216,1086766,
2024-05-14,3.211,3.214,3.184,3.203,1144485,
2024-05-15,3.199,3.221,3.186,3.202,919913,
2024-05-16,3.201,3.223,3.199,3.209,1155895,
2024-05-17,3.209,3.233,3.196,3.230,1069580,
2024-05-20,3.228,3.277,3.228,3.269,1084265,
2024-05-21,3.261,3.292,3.259,3.285,886762,
2024-05-22,3.286,3.317,3.284,3.285,1302014,
2024-05-23,3.275,3.280,3.236,3.243,1379718,
2024-05-24,3.239,3.277,3.231,3.238,1163947,
2024-05-27,3.240,3.295,3.240,3.295,1035116,
2024-05-28,3.290,3.303,3.273,3.286,1195927,
2024-05-29,3.280,3.316,3.274,3.289,1338302,
2024-05-30,3.279,3.307,3.257,3.266,1197834,
2024-05-31,3.265,3.288,3.265,3.273,633652,
2024-06-03,3.268,3.269,3.226,3.242,1024577,
2024-06-04,3.238,3.258,3.223,3.255,847251,
2024-06-05,3.253,3.259,3.213,3.217,885431,
2024-06-06,3.217,3.250,3.216,3.234,770105,
2024-06-07,3.232,3.262,3.232,3.261,775250,
2024-06-11,3.259,3.260,3.189,3.205,1182794,
2024-06-12,3.199,3.250,3.184,3.246,1001026,
2024-06-13,3.240,3.246,3.207,3.218,703739,
2024-06-14,3.217,3.232,3.206,3.223,831187,
2024-06-17,3.215,3.225,3.173,3.181,1189649,
2024-06-18,3.181,3.193,3.158,3.188,762880,
2024-06-19,3.187,3.201,3.180,3.188,645720,
2024-06-20,3.186,3.202,3.181,3.194,637290,
2024-06-21,3.192,3.204,3.182,3.199,740753,
2024-06-24,3.191,3.191,3.143,3.157,934495,
2024-06-25,3.156,3.182,3.155,3.170,723987,
2024-06-26,3.169,3.181,3.152,3.178,675989,
2024-06-27,3.178,3.191,3.165,3.178,836661,
2024-06-28,3.176,3.209,3.169,3.201,797687,
2024-07-01,3.195,3.272,3.192,3.269,1535858,
2024-07-02,3.267,3.280,3.245,3.271,817391,
2024-07-03,3.271,3.278,3.243,3.249,812253,
2024-07-04,3.249,3.263,3.229,3.235,664020,
2024-07-05,3.235,3.244,3.200,3.218,1157198,
2024-07-08,3.217,3.227,3.200,3.207,822721,
2024-07-09,3.206,3.235,3.183,3.233,969997,
2024-07-10,3.227,3.228,3.163,3.167,1514260,
2024-07-11,3.170,3.179,3.151,3.162,1405204,
2024-07-12,3.162,3.180,3.151,3.158,869354,
2024-07-15,3.152,3.198,3.138,3.195,1011072,
2024-07-16,3.191,3.198,3.168,3.182,790067,
2024-07-17,3.180,3.186,3.157,3.169,638203,
2024-07-18,3.166,3.174,3.137,3.173,898818,
2024-07-19,3.164,3.166,3.132,3.150,1136112,
2024-07-22,3.143,3.143,3.091,3.118,1745594,
2024-07-23,3.113,3.119,3.093,3.097,739471,
2024-07-24,3.094,3.107,3.081,3.099,777901,
2024-07-25,3.090,3.093,3.060,3.085,983009,
2024-07-26,3.081,3.088,3.051,3.067,805864,
2024-07-29,3.060,3.080,3.053,3.079,562129,
2024-07-30,3.075,3.076,3.052,3.064,547353,
2024-07-31,3.063,3.095,3.059,3.093,998664,
2024-08-01,3.093,3.106,3.084,3.096,592196,
2024-08-02,3.082,3.100,3.068,3.088,862146,
2024-08-05,3.082,3.088,3.043,3.047,1128491,
2024-08-06,3.048,3.066,3.013,3.036,1079815,
2024-08-07,3.025,3.063,3.023,3.048,756568,
2024-08-08,3.048,3.063,3.038,3.059,657904,
2024-08-09,3.059,3.065,3.044,3.048,816467,
2024-08-12,3.043,3.075,3.035,3.068,721917,
2024-08-13,3.064,3.076,3.050,3.069,961066,
2024-08-14,3.068,3.075,3.057,3.062,469714,
2024-08-15,3.060,3.098,3.053,3.091,869417,
2024-08-16,3.091,3.103,3.083,3.096,584371,
2024-08-19,3.095,3.128,3.092,3.126,882449,
2024-08-20,3.128,3.130,3.076,3.091,866623,
2024-08-21,3.085,3.086,3.040,3.058,945656,
2024-08-22,3.056,3.074,3.050,3.061,743968,
2024-08-23,3.060,3.070,3.045,3.059,662427,
2024-08-26,3.056,3.059,3.026,3.043,737557,
2024-08-27,3.038,3.054,3.035,3.050,508126,
2024-08-28,3.045,3.058,3.028,3.037,503051,
2024-08-29,3.035,3.035,2.976,2.981,1228782,
2024-08-30,2.979,3.012,2.956,2.990,1151160,
2024-09-02,2.984,3.022,2.954,3.005,973419,
2024-09-03,3.003,3.013,2.959,2.978,1126224,
2024-09-04,2.970,2.984,2.952,2.977,642475,
2024-09-05,2.974,2.988,2.966,2.979,518894,
2024-09-06,2.980,2.991,2.953,2.955,659428,
2024-09-09,2.946,2.948,2.891,2.900,1179836,
2024-09-10,2.899,2.912,2.883,2.907,978891,
2024-09-11,2.902,2.902,2.830,2.843,1480728,
2024-09-12,2.840,2.864,2.830,2.853,1755122,
2024-09-13,2.851,2.876,2.842,2.845,1329524,
2024-09-18,2.844,2.882,2.842,2.878,989235,
2024-09-19,2.879,2.886,2.849,2.873,986011,
2024-09-20,2.872,2.879,2.856,2.874,617296,
2024-09-23,2.870,2.912,2.865,2.905,902406,
2024-09-24,2.932,3.040,2.920,3.039,2491896,
2024-09-25,3.086,3.149,3.079,3.085,3477545,
2024-09-26,3.079,3.194,3.074,3.189,2970678,
2024-09-27,3.224,3.253,3.138,3.178,2413384,
2024-09-30,3.255,3.433,3.232,3.399,5874139,
2024-10-08,3.731,3.731,3.316,3.404,5076377,
2024-10-09,3.370,3.370,3.146,3.148,2699414,
2024-10-10,3.148,3.345,3.148,3.270,4032208,
2024-10-11,3.272,3.300,3.195,3.226,2652616,
2024-10-14,3.238,3.334,3.238,3.312,2313648,
2024-10-15,3.300,3.308,3.229,3.231,1900074,
2024-10-16,3.213,3.300,3.209,3.279,1708854,
2024-10-17,3.278,3.302,3.228,3.231,1382739,
2024-10-18,3.225,3.287,3.181,3.252,2385834,
2024-10-21,3.255,3.260,3.211,3.232,2071387,
2024-10-22,3.232,3.258,3.218,3.244,1150962,
2024-10-23,3.244,3.255,3.232,3.245,1474760,
2024-10-24,3.239,3.241,3.216,3.226,1535926,
2024-10-25,3.226,3.234,3.214,3.224,1152928,
2024-10-28,3.221,3.246,3.214,3.245,1638892,
2024-10-29,3.243,3.250,3.192,3.200,1432611,
2024-10-30,3.200,3.205,3.146,3.165,1460926,
2024-10-31,3.164,3.164,3.117,3.146,1348018,
2024-11-01,3.140,3.193,3.136,3.175,1955466,
2024-11-04,3.180,3.192,3.143,3.189,909167,
2024-11-05,3.188,3.218,3.179,3.218,1376282,
2024-11-06,3.218,3.218,3.178,3.190,2021930,
2024-11-07,3.181,3.260,3.177,3.259,1832475,
2024-11-08,3.266,3.278,3.207,3.226,1711410,
2024-11-11,3.220,3.220,3.172,3.193,1794435,
2024-11-12,3.190,3.215,3.160,3.173,1862926,
2024-11-13,3.170,3.196,3.162,3.193,1387584,
2024-11-14,3.188,3.199,3.163,3.167,1336184,
2024-11-15,3.160,3.195,3.155,3.170,2264362,
2024-11-18,3.187,3.260,3.185,3.218,2720798,
2024-11-19,3.218,3.229,3.180,3.209,2329065,
2024-11-20,3.205,3.216,3.195,3.215,1108157,
2024-11-21,3.210,3.222,3.205,3.218,912841,
2024-11-22,3.218,3.231,3.137,3.142,1977811,
2024-11-25,3.142,3.173,3.133,3.148,2022688,
2024-11-26,3.142,3.170,3.135,3.159,889395,
2024-11-27,3.159,3.191,3.125,3.189,2248762,
2024-11-28,3.185,3.200,3.179,3.186,927653,
2024-11-29,3.185,3.214,3.185,3.201,1239056,
2024-12-02,3.209,3.213,3.183,3.209,1214091,
2024-12-03,3.202,3.245,3.193,3.241,2434125,
2024-12-04,3.238,3.280,3.220,3.266,2629125,
2024-12-05,3.264,3.270,3.252,3.259,2497778,
2024-12-06,3.259,3.313,3.259,3.302,3287146,
2024-12-09,3.302,3.330,3.288,3.310,2508580,
2024-12-10,3.350,3.371,3.300,3.306,4043951,
2024-12-11,3.302,3.325,3.300,3.319,1296546,
2024-12-12,3.321,3.328,3.309,3.325,1288899,
2024-12-13,3.322,3.322,3.280,3.288,1915784,
2024-12-16,3.285,3.338,3.281,3.317,1908725,
2024-12-17,3.308,3.336,3.302,3.312,1760411,
2024-12-18,3.319,3.350,3.317,3.332,1969120,
2024-12-19,3.320,3.321,3.278,3.292,1811738,
2024-12-20,3.284,3.298,3.262,3.264,1426202,
2024-12-23,3.260,3.302,3.260,3.278,1617728,
2024-12-24,3.278,3.316,3.273,3.311,1639458,
2024-12-25,3.311,3.334,3.305,3.326,1695288,
2024-12-26,3.327,3.329,3.304,3.316,1618611,
2024-12-27,3.308,3.317,3.282,3.315,1510245,
2024-12-30,3.314,3.365,3.310,3.362,2494389,
2024-12-31,3.363,3.388,3.345,3.351,2426270,
2025-01-02,3.351,3.368,3.255,3.279,2912808,
2025-01-03,3.282,3.290,3.238,3.248,3120309,
2025-01-06,3.243,3.249,3.210,3.248,1596461,
2025-01-07,3.247,3.247,3.200,3.234,1643225,
2025-01-08,3.225,3.243,3.194,3.228,1288300,
2025-01-09,3.222,3.222,3.180,3.184,1913486,
2025-01-10,3.185,3.193,3.150,3.151,2116176,
2025-01-13,3.140,3.152,3.110,3.124,1367593,
2025-01-14,3.125,3.179,3.123,3.174,2019537,
2025-01-15,3.174,3.211,3.169,3.183,1436467,
2025-01-16,3.188,3.219,3.188,3.213,1342170,
2025-01-17,3.210,3.212,3.181,3.196,1330096,
2025-01-20,3.196,3.206,3.180,3.185,1611917,
2025-01-21,3.053,3.055,3.017,3.027,2176114,
2025-01-22,3.027,3.027,2.996,3.003,1299265,
2025-01-23,3.019,3.063,3.019,3.052,2079323,
2025-01-24,3.045,3.077,3.031,3.067,1768204,
2025-01-27,3.067,3.114,3.067,3.105,1405517,
2025-02-05,3.106,3.111,3.036,3.043,2340959,
2025-02-06,3.041,3.049,3.020,3.041,2522980,
2025-02-07,3.041,3.061,3.023,3.054,2777155,
2025-02-10,3.050,3.052,3.037,3.047,2187059,
2025-02-11,3.047,3.061,3.045,3.060,1797734,
2025-02-12,3.061,3.064,3.045,3.062,1813057,
2025-02-13,3.060,3.074,3.057,3.065,2088613,
2025-02-14,3.064,3.070,3.051,3.068,2255140,
2025-02-17,3.068,3.071,3.042,3.055,1938821,
2025-02-18,3.053,3.071,3.043,3.053,2491053,
2025-02-19,3.048,3.050,3.030,3.035,2235873,
2025-02-20,3.030,3.033,3.020,3.022,1967385,
2025-02-21,3.023,3.027,2.995,3.000,3522056,
2025-02-24,2.999,3.002,2.981,2.996,2354574,
2025-02-25,2.991,3.000,2.972,2.975,2087774,
2025-02-26,2.975,3.008,2.975,3.001,2076594,
2025-02-27,3.002,3.028,2.996,3.028,1876807,
2025-02-28,3.027,3.039,3.007,3.010,1639656,
2025-03-03,3.010,3.019,2.996,2.997,2051023,
2025-03-04,2.997,3.002,2.983,2.996,974080,
2025-03-05,2.996,3.004,2.984,3.004,1132824,
2025-03-06,3.004,3.007,2.985,2.998,1722878,
2025-03-07,2.996,3.007,2.992,2.997,2246832,
2025-03-10,2.995,3.002,2.985,3.001,1368229,
2025-03-11,2.993,3.023,2.986,3.022,1884859,
2025-03-12,3.022,3.026,3.011,3.018,1020184,
2025-03-13,3.014,3.047,3.013,3.046,2057991,
2025-03-14,3.043,3.077,3.041,3.068,2416240,
2025-03-17,3.069,3.081,3.063,3.077,1363698,
2025-03-18,3.077,3.079,3.054,3.065,1349806,
2025-03-19,3.061,3.070,3.051,3.066,1007445,
2025-03-20,3.066,3.077,3.058,3.061,1911142,
2025-03-21,3.058,3.080,3.043,3.055,1745557,
2025-03-24,3.054,3.080,3.054,3.078,1462197,
2025-03-25,3.073,3.100,3.072,3.100,1690546,
2025-03-26,3.096,3.103,3.084,3.101,1713990,
2025-03-27,3.100,3.105,3.091,3.099,939027,
2025-03-28,3.095,3.099,3.074,3.082,1571929,
2025-03-31,3.079,3.095,3.067,3.073,1507175,
2025-04-01,3.071,3.098,3.070,3.097,1136417,
2025-04-02,3.097,3.116,3.092,3.112,1331272,
2025-04-03,3.098,3.120,3.089,3.117,1451694,
2025-04-07,3.050,3.053,2.875,2.938,4718645,
2025-04-08,2.939,3.003,2.938,3.003,2981326,
2025-04-09,2.983,3.012,2.945,3.007,2688583,
2025-04-10,3.020,3.048,3.010,3.038,2917030,
2025-04-11,3.030,3.031,3.013,3.023,1207798,
2025-04-14,3.023,3.055,3.020,3.051,1231224,
2025-04-15,3.051,3.067,3.044,3.066,1189905,
2025-04-16,3.063,3.084,3.056,3.082,1474685,
2025-04-17,3.078,3.078,3.061,3.075,810585,
2025-04-18,3.067,3.080,3.066,3.077,831691,
2025-04-21,3.075,3.094,3.065,3.067,978448,
2025-04-22,3.064,3.082,3.063,3.077,1259329,
2025-04-23,3.077,3.080,3.058,3.061,1060247,
2025-04-24,3.060,3.081,3.055,3.074,958975,
2025-04-25,3.072,3.079,3.064,3.071,701000,
2025-04-28,3.070,3.077,3.060,3.074,1183114,
2025-04-29,3.071,3.076,3.057,3.062,799784,
2025-04-30,3.062,3.062,3.034,3.038,1172012,
2025-05-06,3.040,3.043,3.020,3.030,1164457,
2025-05-07,3.043,3.055,3.036,3.049,1687551,
2025-05-08,3.049,3.059,3.040,3.053,899098,
2025-05-09,3.051,3.074,3.050,3.070,1291853,
2025-05-12,3.073,3.084,3.067,3.083,911841,
2025-05-13,3.090,3.107,3.083,3.105,1982102,
2025-05-14,3.101,3.134,3.095,3.133,1970155,
2025-05-15,3.132,3.145,3.123,3.124,1414561,
2025-05-16,3.118,3.123,3.090,3.106,867006,
2025-05-19,3.106,3.121,3.104,3.117,867162,
2025-05-20,3.118,3.127,3.112,3.121,915278,
2025-05-21,3.121,3.158,3.120,3.150,1157079,
2025-05-22,3.147,3.157,3.137,3.151,725602,
2025-05-23,3.152,3.168,3.122,3.123,898870,
2025-05-26,3.119,3.128,3.102,3.107,959427,
2025-05-27,3.105,3.114,3.087,3.095,758188,
2025-05-28,3.095,3.103,3.086,3.100,556995,
2025-05-29,3.100,3.110,3.097,3.108,715068,
2025-05-30,3.104,3.123,3.104,3.122,804823,
2025-06-03,3.118,3.139,3.103,3.134,749225,
2025-06-04,3.135,3.142,3.124,3.142,692410,
2025-06-05,3.140,3.149,3.116,3.124,789064,
2025-06-06,3.124,3.138,3.120,3.124,1110792,
2025-06-09,3.124,3.129,3.110,3.128,754241,
2025-06-10,3.125,3.148,3.118,3.133,1065856,
2025-06-11,3.131,3.144,3.129,3.142,634946,
2025-06-12,3.142,3.143,3.133,3.140,512471,
2025-06-13,3.139,3.143,3.119,3.125,1250913,
2025-06-16,3.121,3.132,3.117,3.131,600816,
2025-06-17,3.131,3.138,3.126,3.134,603621,
2025-06-18,3.132,3.140,3.122,3.138,698710,
2025-06-19,3.137,3.137,3.118,3.124,735191,
2025-06-20,3.124,3.145,3.124,3.140,915665,
2025-06-23,3.136,3.159,3.118,3.153,1115885,
2025-06-24,3.145,3.160,3.139,3.157,1020838,
2025-06-25,3.158,3.178,3.147,3.173,1333555,
2025-06-26,3.170,3.185,3.165,3.180,982767,
2025-06-27,3.179,3.193,3.147,3.154,1278158,
2025-06-30,3.148,3.155,3.140,3.152,1366038,
2025-07-01,3.152,3.176,3.151,3.175,994951,
2025-07-02,3.177,3.200,3.175,3.199,1178854,
2025-07-03,3.197,3.207,3.188,3.198,1087846,
2025-07-04,3.197,3.233,3.196,3.222,1677076,
2025-07-07,3.219,3.235,3.207,3.235,958275,
2025-07-08,3.232,3.242,3.218,3.229,717534,
2025-07-09,3.228,3.252,3.226,3.245,780209,
2025-07-10,3.244,3.277,3.243,3.271,755639,
2025-07-11,3.270,3.287,3.250,3.250,1367764,
2025-07-14,3.247,3.284,3.246,3.272,1085861,
2025-07-15,3.268,3.272,3.226,3.233,1246224,
2025-07-16,3.232,3.234,3.205,3.221,1657373,
2025-07-17,3.219,3.225,3.204,3.212,1089410,
2025-07-18,3.212,3.228,3.211,3.226,806143,
2025-07-21,3.226,3.248,3.225,3.247,1005313,
2025-07-22,3.247,3.305,3.224,3.300,1953370,
2025-07-23,3.314,3.329,3.294,3.297,1544034,
2025-07-24,3.294,3.308,3.275,3.307,1324572,
2025-07-25,3.304,3.325,3.288,3.293,1168354,
2025-07-28,3.282,3.282,3.250,3.260,1424406,
2025-07-29,3.251,3.259,3.234,3.251,1179326,
2025-07-30,3.250,3.282,3.249,3.262,1353639,
2025-07-31,3.251,3.255,3.196,3.211,1990171,
2025-08-01,3.210,3.222,3.196,3.208,880379,
2025-08-04,3.195,3.224,3.194,3.222,884294,
2025-08-05,3.223,3.256,3.218,3.254,870687,
2025-08-06,3.255,3.270,3.252,3.267,1147258,
2025-08-07,3.267,3.284,3.255,3.279,1470666,
2025-08-08,3.275,3.288,3.270,3.278,988074,
2025-08-11,3.277,3.283,3.257,3.260,1613797,
2025-08-12,3.260,3.292,3.260,3.278,1049481,
2025-08-13,3.278,3.282,3.255,3.258,1079082,
2025-08-14,3.258,3.265,3.234,3.237,1092527,
2025-08-15,3.233,3.233,3.209,3.231,1299361,
2025-08-18,3.230,3.236,3.214,3.223,1349690,
2025-08-19,3.221,3.223,3.212,3.217,1032322,
2025-08-20,3.214,3.241,3.206,3.240,1129755,
2025-08-21,3.240,3.258,3.231,3.256,1279081,
2025-08-22,3.258,3.258,3.226,3.253,1692018,
2025-08-25,3.254,3.274,3.243,3.273,1763785,
2025-08-26,3.270,3.273,3.260,3.261,1070616,
2025-08-27,3.258,3.259,3.205,3.208,1908969,
2025-08-28,3.205,3.214,3.176,3.205,2241810,
2025-08-29,3.201,3.227,3.186,3.189,1809807,
2025-09-01,3.188,3.198,3.164,3.171,2129620,
2025-09-02,3.171,3.187,3.165,3.186,1386062,
2025-09-03,3.185,3.188,3.148,3.153,1751306,
2025-09-04,3.149,3.175,3.122,3.172,2045583,
2025-09-05,3.166,3.167,3.144,3.162,1351636,
2025-09-08,3.160,3.171,3.152,3.168,1117114,
2025-09-09,3.168,3.174,3.155,3.170,1026772,
2025-09-10,3.167,3.172,3.156,3.169,865659,
2025-09-11,3.167,3.174,3.150,3.174,1754925,
2025-09-12,3.171,3.178,3.154,3.159,1360004,
2025-09-15,3.156,3.156,3.135,3.142,1633607,
2025-09-16,3.145,3.159,3.131,3.135,1152565,
2025-09-17,3.134,3.153,3.125,3.149,1556716,
2025-09-18,3.150,3.150,3.082,3.096,3433799,
2025-09-19,3.096,3.114,3.077,3.113,2549076,
2025-09-22,3.112,3.113,3.080,3.087,1405482,
2025-09-23,3.087,3.107,3.070,3.105,2266503,
2025-09-24,3.100,3.122,3.093,3.111,1472298,
2025-09-25,3.106,3.108,3.083,3.097,1327719,
2025-09-26,3.095,3.104,3.080,3.098,1374952,
2025-09-29,3.091,3.105,3.072,3.093,2148054,
2025-09-30,3.091,3.092,3.073,3.082,1154267,
2025-10-09,3.082,3.103,3.068,3.103,1929473,
2025-10-10,3.100,3.141,3.091,3.136,2659473,
2025-10-13,3.125,3.145,3.094,3.140,2384905,
2025-10-14,3.139,3.205,3.126,3.204,4742432,
2025-10-15,3.203,3.215,3.187,3.207,2384312,
2025-10-16,3.201,3.244,3.197,3.239,2420802,
2025-10-17,3.239,3.268,3.224,3.229,2439190,
2025-10-20,3.229,3.258,3.200,3.256,2526385,
2025-10-21,3.243,3.253,3.228,3.248,1603584,
2025-10-22,3.241,3.256,3.238,3.253,1177322,
2025-10-23,3.248,3.283,3.248,3.278,2259497,
2025-10-24,3.265,3.273,3.254,3.259,1955657,
2025-10-27,3.253,3.286,3.235,3.272,1816022,
2025-10-28,3.268,3.279,3.253,3.267,1229883,
2025-10-29,3.265,3.265,3.230,3.249,1712946,
2025-10-30,3.245,3.271,3.242,3.248,1148431,
2025-10-31,3.247,3.248,3.225,3.240,1144085,
2025-11-03,3.240,3.285,3.239,3.283,1916337,
2025-11-04,3.283,3.327,3.280,3.313,2230018,
2025-11-05,3.306,3.332,3.292,3.322,1289429,
2025-11-06,3.315,3.335,3.302,3.326,943283,
2025-11-07,3.326,3.350,3.325,3.331,758414,
2025-11-10,3.328,3.358,3.317,3.356,950778,
2025-11-11,3.354,3.354,3.327,3.347,919179,
2025-11-12,3.345,3.375,3.345,3.360,1093401,
2025-11-13,3.352,3.368,3.336,3.361,1030800,
2025-11-14,3.356,3.381,3.346,3.348,992267,
2025-11-17,3.348,3.348,3.311,3.329,1345215,
2025-11-18,3.324,3.327,3.273,3.284,1786815,
2025-11-19,3.283,3.308,3.282,3.300,1057951,
2025-11-20,3.299,3.333,3.295,3.300,1026510,
2025-11-21,3.290,3.300,3.250,3.255,2039586,
2025-11-24,3.253,3.265,3.227,3.227,1711803,
2025-11-25,3.226,3.246,3.220,3.243,1299588,
2025-11-26,3.240,3.252,3.223,3.226,1472229,
2025-11-27,3.226,3.239,3.208,3.230,1243188,
2025-11-28,3.230,3.232,3.215,3.230,899713,
2025-12-01,3.230,3.245,3.222,3.245,1145602,
2025-12-02,3.244,3.250,3.236,3.249,983407,
2025-12-03,3.246,3.264,3.236,3.241,946568,
2025-12-04,3.238,3.248,3.224,3.228,850259,
2025-12-05,3.227,3.230,3.206,3.226,1072889,
2025-12-08,3.225,3.227,3.193,3.210,1959974,
2025-12-09,3.203,3.204,3.181,3.184,1437445,
2025-12-10,3.186,3.191,3.160,3.171,1508703,
2025-12-11,3.171,3.174,3.145,3.155,1835371,
2025-12-12,3.155,3.159,3.135,3.142,1801221,
2025-12-15,3.143,3.175,3.133,3.168,1476488,
2025-12-16,3.167,3.167,3.135,3.140,2185813,
2025-12-17,3.136,3.154,3.124,3.143,1579985,
2025-12-18,3.143,3.180,3.140,3.175,1622480,
2025-12-19,3.175,3.183,3.159,3.174,1276724,
2025-12-22,3.174,3.174,3.155,3.159,1504320,
2025-12-23,3.158,3.173,3.155,3.160,1218230,
2025-12-24,3.160,3.166,3.146,3.165,1271334,
2025-12-25,3.165,3.177,3.163,3.174,1127727,
2025-12-26,3.170,3.187,3.167,3.187,1214765,
2025-12-29,3.187,3.200,3.172,3.185,1552065,
2025-12-30,3.179,3.194,3.171,3.188,1374695,
2025-12-31,3.188,3.194,3.175,3.183,1058800,
2026-01-05,3.183,3.193,3.170,3.180,1607098,
2026-01-06,3.180,3.219,3.172,3.218,2122084,
2026-01-07,3.218,3.232,3.202,3.232,1453187,
2026-01-08,3.230,3.231,3.213,3.221,1090210,
2026-01-09,3.221,3.235,3.216,3.234,1217501,
2026-01-12,3.233,3.237,3.214,3.231,1424054,
2026-01-13,3.228,3.245,3.224,3.229,1411420,
2026-01-14,3.228,3.236,3.197,3.199,1944569,
2026-01-15,3.199,3.209,3.183,3.188,1533200,
2026-01-16,3.189,3.200,3.155,3.163,2546637,
2026-01-19,3.163,3.180,3.154,3.179,1692457,
2026-01-20,3.180,3.218,3.175,3.217,1943691,
2026-01-21,3.078,3.079,3.052,3.057,3018778,
2026-01-22,3.059,3.080,3.055,3.077,1558018,
2026-01-23,3.081,3.082,3.059,3.069,1611765,
2026-01-26,3.069,3.109,3.064,3.106,2118312,
2026-01-27,3.106,3.113,3.075,3.081,2602108,
2026-01-28,3.082,3.148,3.072,3.132,3298950,
2026-01-29,3.134,3.168,3.120,3.166,2256030,
2026-01-30,3.165,3.196,3.124,3.144,2645933,
2026-02-02,3.137,3.138,3.042,3.046,4010476,
2026-02-03,3.049,3.064,3.028,3.051,2379582,
2026-02-04,3.056,3.153,3.056,3.150,4374665,
2026-02-05,3.132,3.143,3.112,3.136,1492115,
2026-02-06,3.110,3.141,3.100,3.126,1513444,
2026-02-09,3.126,3.146,3.125,3.144,931809,
2026-02-10,3.144,3.160,3.132,3.156,1188536,
2026-02-11,3.153,3.192,3.143,3.183,2247075,
2026-02-12,3.185,3.198,3.169,3.180,1420122,
2026-02-13,3.170,3.175,3.134,3.137,1489832,
2026-02-24,3.152,3.196,3.152,3.190,2172995,
2026-02-25,3.190,3.237,3.187,3.194,3638032,
2026-02-26,3.197,3.211,3.178,3.195,1207770,
2026-02-27,3.193,3.237,3.190,3.232,2063674,
2026-03-02,3.275,3.306,3.235,3.303,3251903,
2026-03-03,3.306,3.404,3.296,3.367,3741152,
2026-03-04,3.341,3.341,3.251,3.304,1682920,
2026-03-05,3.283,3.312,3.255,3.291,1385304,
2026-03-06,3.282,3.290,3.253,3.285,1227178,
2026-03-09,3.347,3.373,3.308,3.309,2021998,
2026-03-10,3.256,3.283,3.240,3.270,1296122,
2026-03-11,3.263,3.317,3.240,3.313,1340464,
2026-03-12,3.325,3.392,3.313,3.381,2074272,
2026-03-13,3.380,3.408,3.358,3.364,2042364,
2026-03-16,3.365,3.381,3.330,3.335,1135786,
2026-03-17,3.325,3.349,3.308,3.309,1120497,
2026-03-18,3.308,3.319,3.261,3.296,1185167,
2026-03-19,3.306,3.329,3.296,3.305,1345936,
2026-03-20,3.275,3.329,3.273,3.296,1074156,
2026-03-23,3.305,3.306,3.226,3.234,2022804,
2026-03-24,3.230,3.270,3.227,3.269,1398703,
2026-03-25,3.250,3.257,3.210,3.256,1575615,
2026-03-26,3.251,3.288,3.248,3.268,1148295,
2026-03-27,3.267,3.283,3.243,3.267,887787,
2026-03-30,3.262,3.304,3.262,3.299,1081539,
2026-03-31,3.293,3.314,3.248,3.251,1590399,
2026-04-01,3.248,3.269,3.236,3.241,1322342,
2026-04-02,3.240,3.270,3.238,3.258,1002087,
2026-04-03,3.256,3.259,3.204,3.216,1523365,
2026-04-07,3.217,3.232,3.196,3.228,1021183,
2026-04-08,3.210,3.228,3.186,3.227,1714533,
2026-04-09,3.222,3.232,3.202,3.212,792582,
2026-04-10,3.211,3.231,3.205,3.218,839605,
2026-04-13,3.225,3.233,3.202,3.223,1137072,
2026-04-14,3.216,3.224,3.205,3.223,991290,
2026-04-15,3.221,3.242,3.206,3.240,1155044,
2026-04-16,3.230,3.251,3.230,3.244,942202,
2026-04-17,3.240,3.244,3.216,3.218,1068333,
2026-04-20,3.219,3.235,3.212,3.225,896280,
2026-04-21,3.224,3.273,3.222,3.265,2186008,
2026-04-22,3.268,3.281,3.259,3.269,1127009,
2026-04-23,3.269,3.294,3.253,3.293,1213083,
2026-04-24,3.277,3.292,3.266,3.280,1460046,
2026-04-27,3.270,3.293,3.264,3.275,1008522,
2026-04-28,3.270,3.326,3.265,3.325,1653364,
2026-04-29,3.315,3.360,3.313,3.347,1395718,
2026-04-30,3.340,3.357,3.324,3.341,1434351,
2026-05-06,3.335,3.342,3.300,3.341,1451800,
2026-05-07,3.327,3.327,3.268,3.272,2937811,
2026-05-08,3.273,3.292,3.250,3.261,1593841,
2026-05-11,3.261,3.276,3.253,3.263,1463540,
2026-05-12,3.260,3.284,3.255,3.257,1171479,
2026-05-13,3.258,3.271,3.230,3.244,1220949,
2026-05-14,3.244,3.246,3.222,3.223,1022441,
2026-05-15,3.224,3.244,3.210,3.223,1605663,
2026-05-18,3.220,3.234,3.200,3.217,1885324,
2026-05-19,3.217,3.228,3.208,3.222,961249,
2026-05-20,3.222,3.230,3.208,3.215,1357172,
2026-05-21,3.205,3.215,3.167,3.172,2302791,
2026-05-22,3.173,3.175,3.138,3.156,1680863,
2026-05-25,3.178,3.219,3.178,3.185,1972914,
2026-05-26,3.178,3.192,3.163,3.186,1241574,
2026-05-27,3.180,3.183,3.143,3.170,1784287,
2026-05-28,3.163,3.193,3.157,3.170,1444370,
2026-05-29,3.165,3.212,3.162,3.206,2132096,
2026-06-01,3.212,3.315,3.206,3.307,3998342,
2026-06-02,3.307,3.365,3.294,3.308,3254401,
2026-06-03,3.290,3.339,3.264,3.324,2180349,
2026-06-04,3.318,3.354,3.292,3.327,1691105,
2026-06-05,3.314,3.355,3.311,3.321,2234907,
2026-06-08,3.309,3.338,3.278,3.304,1744426,
2026-06-09,3.280,3.300,3.266,3.291,1183730,
2026-06-10,3.274,3.286,3.251,3.261,1227519,
2026-06-11,3.268,3.283,3.248,3.260,909543,
2026-06-12,3.246,3.309,3.238,3.303,1358116,
2026-06-15,3.291,3.295,3.239,3.249,2165524,
2026-06-16,3.239,3.239,3.190,3.196,2895238,
2026-06-17,3.198,3.198,3.150,3.160,2767881,
2026-06-18,3.160,3.161,3.091,3.098,4309489,
2026-06-22,3.099,3.127,3.058,3.125,3540883,
2026-06-23,3.120,3.157,3.100,3.104,2060252,
2026-06-24,3.105,3.107,3.047,3.048,3413683,
2026-06-25,3.042,3.049,3.000,3.006,3422199,
2026-06-26,3.006,3.013,2.949,2.954,3676631,
2026-06-29,2.954,2.980,2.896,2.972,3417911,
2026-06-30,2.970,2.970,2.901,2.916,2834849,
2026-07-01,2.902,2.977,2.902,2.963,2454404,
2026-07-02,2.968,3.024,2.963,2.993,5059780,
2026-07-03,3.000,3.043,3.000,3.024,2386433,
2026-07-06,3.018,3.091,3.007,3.089,2555378,
2026-07-07,3.090,3.094,3.024,3.044,3853268,
2026-07-08,3.045,3.103,3.031,3.080,2930826,
2026-07-09,3.067,3.067,3.030,3.040,2183321,
2026-07-10,3.025,3.057,3.008,3.045,1617053,
2026-07-13,3.039,3.077,3.027,3.066,2537021,
2026-07-14,3.070,3.148,3.065,3.138,4942391,
2026-07-15,3.123,3.190,3.112,3.185,2395742,
2026-07-16,3.178,3.207,3.139,3.146,2594154,
2026-07-17,3.147,3.175,3.133,3.135,2590332,
2026-07-20,3.140,3.248,3.139,3.242,5479237,
2026-07-21,3.238,3.279,3.200,3.205,4729934,
2026-07-22,3.201,3.257,3.181,3.253,3123703,
2026-07-23,3.236,3.287,3.233,3.280,2803346,
2026-07-24,3.279,3.296,3.223,3.223,2017756,
2026-07-27,3.216,3.242,3.200,3.232,2149714,
2026-07-28,3.219,3.235,3.189,3.232,5261742,
2026-07-29,3.230,3.286,3.221,3.273,2864485,
2026-07-30,3.274,3.313,3.274,3.312,3719599,
2026-07-31,3.281,3.309,3.248,3.304,2640779,
2026-08-03,3.291,3.325,3.281,3.285,1467421,
2026-08-04,3.280,3.284,3.222,3.237,2629160,
2026-08-05,3.228,3.238,3.205,3.228,2641862,
2026-08-06,3.227,3.299,3.225,3.288,3124724,
2026-08-07,3.277,3.293,3.256,3.282,1616926,
2026-08-10,3.276,3.332,3.274,3.319,3104282,
2026-08-11,3.331,3.348,3.302,3.309,1687475,
2026-08-12,3.301,3.319,3.290,3.303,1180625,
2026-08-13,3.290,3.297,3.270,3.273,1162748,
2026-08-14,3.269,3.302,3.255,3.296,1349647,
2026-08-17,3.290,3.309,3.278,3.304,919321,
2026-08-18,3.301,3.343,3.301,3.340,2027675,
2026-08-19,3.350,3.375,3.350,3.360,2016790,
2026-08-20,3.340,3.397,3.340,3.382,1568043,
2026-08-21,3.378,3.397,3.372,3.387,1362639,
